symbol,entry_time,exit_time,side,entry,exit,R,reason
BTCUSD,2024-02-25 18:00:00+00:00,2024-02-25 21:00:00+00:00,long,51560.23,51918.55,2.0,tp
BTCUSD,2024-02-26 15:00:00+00:00,2024-02-26 16:00:00+00:00,long,51703.93,52175.28857142857,2.0000000000000044,tp
BTCUSD,2024-02-29 21:00:00+00:00,2024-02-29 22:00:00+00:00,long,61968.89,61014.39857142857,-0.9999999999999979,stop
BTCUSD,2024-03-01 18:00:00+00:00,2024-03-01 21:00:00+00:00,long,61927.01,63093.99428571429,2.0000000000000018,tp
BTCUSD,2024-03-03 00:00:00+00:00,2024-03-03 01:00:00+00:00,long,62045.78,61771.81214285714,-1.0000000000000078,stop
BTCUSD,2024-03-13 15:00:00+00:00,2024-03-14 05:00:00+00:00,long,72422.81,73586.75857142857,1.9999999999999964,tp
BTCUSD,2024-03-15 19:00:00+00:00,2024-03-15 20:00:00+00:00,long,70203.53,69025.66285714286,-0.9999999999999982,stop
BTCUSD,2024-03-18 22:00:00+00:00,2024-03-19 02:00:00+00:00,long,67603.48,66836.06428571428,-0.9999999999999973,stop
BTCUSD,2024-03-19 17:00:00+00:00,2024-03-19 21:00:00+00:00,long,64964.51,63793.66071428572,-0.9999999999999979,stop
BTCUSD,2024-03-20 18:00:00+00:00,2024-03-20 21:00:00+00:00,long,64107.87,66231.54142857144,2.000000000000006,tp
BTCUSD,2024-03-31 02:00:00+00:00,2024-03-31 04:00:00+00:00,long,70048.13,69815.53857142858,-0.9999999999999777,stop
BTCUSD,2024-03-31 05:00:00+00:00,2024-03-31 13:00:00+00:00,long,70123.34,70620.6257142857,1.9999999999999916,tp
BTCUSD,2024-04-01 20:00:00+00:00,2024-04-02 01:00:00+00:00,long,69709.49,69118.41571428571,-1.0000000000000089,stop
BTCUSD,2024-04-03 15:00:00+00:00,2024-04-03 16:00:00+00:00,long,66660.0,66128.16,-0.9999999999999893,stop
BTCUSD,2024-04-05 14:00:00+00:00,2024-04-06 14:00:00+00:00,long,67521.34,67730.01,0.290389564432549,timeout
BTCUSD,2024-04-08 00:00:00+00:00,2024-04-08 08:00:00+00:00,long,69350.36,70210.10428571429,2.0000000000000098,tp
BTCUSD,2024-04-10 17:00:00+00:00,2024-04-10 23:00:00+00:00,long,69520.26,70710.86,2.0000000000000067,tp
BTCUSD,2024-04-11 20:00:00+00:00,2024-04-12 00:00:00+00:00,long,70481.2,69838.16071428571,-0.9999999999999968,stop
BTCUSD,2024-04-13 16:00:00+00:00,2024-04-13 18:00:00+00:00,long,67688.05,67118.78714285715,-0.999999999999989,stop
BTCUSD,2024-04-16 20:00:00+00:00,2024-04-16 22:00:00+00:00,short,62738.53,63577.86214285714,-1.0,stop
BTCUSD,2024-04-21 14:00:00+00:00,2024-04-21 22:00:00+00:00,short,64902.77,65267.50714285714,-0.9999999999999958,stop
BTCUSD,2024-04-22 02:00:00+00:00,2024-04-22 04:00:00+00:00,short,64675.15,65136.36,-0.9999999999999989,stop
BTCUSD,2024-04-26 15:00:00+00:00,2024-04-27 01:00:00+00:00,short,63837.28,62899.78571428572,1.9999999999999936,tp
BTCUSD,2024-04-28 12:00:00+00:00,2024-04-28 14:00:00+00:00,short,63460.76,63751.15285714286,-0.9999999999999928,stop
BTCUSD,2024-04-28 15:00:00+00:00,2024-04-28 19:00:00+00:00,short,63573.11,63865.088571428576,-1.0000000000000107,stop
BTCUSD,2024-04-28 23:00:00+00:00,2024-04-29 04:00:00+00:00,short,63129.63,62522.12428571428,2.0,tp
BTCUSD,2024-05-01 20:00:00+00:00,2024-05-01 22:00:00+00:00,short,56873.99,57953.921428571426,-0.9999999999999996,stop
BTCUSD,2024-05-05 02:00:00+00:00,2024-05-05 08:00:00+00:00,short,63326.83,63795.94785714286,-1.0000000000000056,stop
BTCUSD,2024-05-05 21:00:00+00:00,2024-05-06 00:00:00+00:00,short,63740.98,64117.26,-1.0,stop
BTCUSD,2024-05-10 15:00:00+00:00,2024-05-11 15:00:00+00:00,short,61063.94,60819.22,0.5021832588968388,timeout
BTCUSD,2024-05-11 21:00:00+00:00,2024-05-12 11:00:00+00:00,short,60997.46,61286.06,-1.0,stop
BTCUSD,2024-05-13 03:00:00+00:00,2024-05-13 07:00:00+00:00,short,61024.18,61355.64571428572,-1.0000000000000093,stop
BTCUSD,2024-05-14 03:00:00+00:00,2024-05-14 07:00:00+00:00,short,62471.01,61481.677142857145,2.0,tp
BTCUSD,2024-05-20 03:00:00+00:00,2024-05-20 07:00:00+00:00,long,66664.38,66308.91071428572,-0.9999999999999912,stop
BTCUSD,2024-05-20 08:00:00+00:00,2024-05-20 17:00:00+00:00,long,66820.92,67622.07571428572,2.0000000000000155,tp
BTCUSD,2024-05-22 15:00:00+00:00,2024-05-22 19:00:00+00:00,long,70101.82,69657.07357142858,-0.9999999999999977,stop
BTCUSD,2024-05-24 15:00:00+00:00,2024-05-24 18:00:00+00:00,long,67829.51,68734.75,2.0000000000000044,tp
BTCUSD,2024-05-26 14:00:00+00:00,2024-05-26 16:00:00+00:00,long,69115.4,68881.70785714286,-0.9999999999999778,stop
BTCUSD,2024-05-27 02:00:00+00:00,2024-05-27 05:00:00+00:00,long,69044.89,68739.46285714285,-1.0000000000000238,stop
BTCUSD,2024-05-27 14:00:00+00:00,2024-05-27 16:00:00+00:00,long,68877.04,69564.56,1.999999999999994,tp
BTCUSD,2024-05-28 20:00:00+00:00,2024-05-29 09:00:00+00:00,long,68339.57,67744.18428571429,-1.000000000000005,stop
BTCUSD,2024-05-30 13:00:00+00:00,2024-05-30 18:00:00+00:00,long,68099.89,68885.19857142857,1.999999999999995,tp
BTCUSD,2024-06-01 18:00:00+00:00,2024-06-02 10:00:00+00:00,long,67718.31,67557.03428571428,-1.0,stop
BTCUSD,2024-06-02 12:00:00+00:00,2024-06-02 13:00:00+00:00,long,68203.99,67988.41071428571,-1.0000000000000289,stop
BTCUSD,2024-06-02 23:00:00+00:00,2024-06-03 03:00:00+00:00,long,67905.85,68623.43142857144,1.9999999999999942,tp
BTCUSD,2024-06-04 14:00:00+00:00,2024-06-04 16:00:00+00:00,long,69531.84,70187.93571428572,2.000000000000006,tp
BTCUSD,2024-06-06 18:00:00+00:00,2024-06-06 20:00:00+00:00,long,71089.44,70749.43214285714,-1.000000000000003,stop
BTCUSD,2024-06-10 02:00:00+00:00,2024-06-10 07:00:00+00:00,long,69605.52,69376.52071428573,-0.9999999999999728,stop
BTCUSD,2024-06-10 15:00:00+00:00,2024-06-10 16:00:00+00:00,long,69657.34,70117.21857142857,2.000000000000018,tp
BTCUSD,2024-06-17 02:00:00+00:00,2024-06-17 08:00:00+00:00,short,66410.76,65964.36714285714,2.0,tp
BTCUSD,2024-06-20 14:00:00+00:00,2024-06-21 04:00:00+00:00,short,65115.99,64357.84857142857,2.0,tp
BTCUSD,2024-06-23 11:00:00+00:00,2024-06-23 17:00:00+00:00,short,64268.16,64011.087360000005,1.999999999999988,tp
BTCUSD,2024-06-26 16:00:00+00:00,2024-06-26 20:00:00+00:00,short,61457.54,60794.49,2.0,tp
BTCUSD,2024-06-27 20:00:00+00:00,2024-06-28 02:00:00+00:00,short,61357.37,61737.103571428575,-1.0000000000000027,stop
BTCUSD,2024-06-28 13:00:00+00:00,2024-06-28 14:00:00+00:00,short,61310.81,61642.857142857145,-1.0000000000000093,stop
BTCUSD,2024-06-29 23:00:00+00:00,2024-06-30 08:00:00+00:00,short,60871.29,61038.177142857145,-1.000000000000003,stop
BTCUSD,2024-07-01 14:00:00+00:00,2024-07-01 16:00:00+00:00,short,62593.41,62935.240000000005,-1.0000000000000075,stop
BTCUSD,2024-07-08 15:00:00+00:00,2024-07-09 02:00:00+00:00,short,56179.84,57131.99928571428,-0.9999999999999962,stop
BTCUSD,2024-07-09 15:00:00+00:00,2024-07-09 17:00:00+00:00,short,57072.04,57616.89857142857,-1.0000000000000029,stop
BTCUSD,2024-07-10 13:00:00+00:00,2024-07-11 04:00:00+00:00,short,58147.68,57085.46142857143,2.000000000000002,tp
BTCUSD,2024-07-11 15:00:00+00:00,2024-07-12 02:00:00+00:00,short,57797.42,56634.05,1.9999999999999944,tp
BTCUSD,2024-07-12 20:00:00+00:00,2024-07-13 06:00:00+00:00,short,57601.72,58058.35,-0.9999999999999942,stop
BTCUSD,2024-07-18 12:00:00+00:00,2024-07-18 15:00:00+00:00,long,64769.25,64367.904285714285,-1.0000000000000013,stop
BTCUSD,2024-07-21 15:00:00+00:00,2024-07-21 16:00:00+00:00,long,67314.54,67028.38642857142,-1.0000000000000036,stop
BTCUSD,2024-07-21 20:00:00+00:00,2024-07-22 15:00:00+00:00,long,67444.16,66894.41714285714,-1.0000000000000095,stop
BTCUSD,2024-07-23 15:00:00+00:00,2024-07-23 16:00:00+00:00,long,67250.04,66733.74785714285,-1.0,stop
BTCUSD,2024-07-24 17:00:00+00:00,2024-07-24 19:00:00+00:00,long,66403.14,65991.965,-1.0,stop
BTCUSD,2024-07-25 15:00:00+00:00,2024-07-25 22:00:00+00:00,long,64814.71,65915.78285714285,2.0,tp
BTCUSD,2024-07-27 22:00:00+00:00,2024-07-28 00:00:00+00:00,long,68855.45,68223.11857142857,-1.0,stop
BTCUSD,2024-07-31 14:00:00+00:00,2024-07-31 15:00:00+00:00,long,66489.0,66091.36142857143,-1.0000000000000067,stop
BTCUSD,2024-08-07 15:00:00+00:00,2024-08-07 19:00:00+00:00,short,56090.52,54777.62714285714,1.9999999999999951,tp
BTCUSD,2024-08-09 15:00:00+00:00,2024-08-09 21:00:00+00:00,short,60364.94,60997.12071428572,-0.9999999999999983,stop
BTCUSD,2024-08-11 12:00:00+00:00,2024-08-11 16:00:00+00:00,short,60686.01,60037.47285714286,2.0000000000000093,tp
BTCUSD,2024-08-12 14:00:00+00:00,2024-08-12 15:00:00+00:00,short,58176.84,58915.444285714286,-1.0000000000000049,stop
BTCUSD,2024-08-14 14:00:00+00:00,2024-08-14 17:00:00+00:00,short,59638.21,58644.578571428574,1.999999999999998,tp
BTCUSD,2024-08-15 18:00:00+00:00,2024-08-15 19:00:00+00:00,short,58896.36,57863.84285714286,1.999999999999996,tp
BTCUSD,2024-08-16 13:00:00+00:00,2024-08-16 14:00:00+00:00,short,57884.08,58371.75642857143,-1.0000000000000053,stop
BTCUSD,2024-08-18 04:00:00+00:00,2024-08-18 06:00:00+00:00,short,59351.4,59689.33,-1.0,stop
BTCUSD,2024-08-20 15:00:00+00:00,2024-08-20 17:00:00+00:00,short,59468.76,58629.724285714285,2.000000000000002,tp
BTCUSD,2024-08-21 09:00:00+00:00,2024-08-21 14:00:00+00:00,short,59456.02,59812.38642857142,-0.9999999999999898,stop
BTCUSD,2024-08-21 15:00:00+00:00,2024-08-21 17:00:00+00:00,short,59411.71,59849.84857142857,-1.0,stop
BTCUSD,2024-08-29 19:00:00+00:00,2024-08-29 20:00:00+00:00,short,59164.39,59691.86142857143,-1.000000000000002,stop
BTCUSD,2024-08-30 15:00:00+00:00,2024-08-30 19:00:00+00:00,short,58438.2,58900.43857142857,-0.9999999999999989,stop
BTCUSD,2024-08-30 20:00:00+00:00,2024-08-30 23:00:00+00:00,short,58674.49,59281.35357142857,-0.9999999999999983,stop
BTCUSD,2024-09-03 14:00:00+00:00,2024-09-03 15:00:00+00:00,short,58393.96,57682.72714285714,2.0,tp
BTCUSD,2024-09-06 14:00:00+00:00,2024-09-06 15:00:00+00:00,short,55879.46,54822.03142857143,1.9999999999999978,tp
BTCUSD,2024-09-08 13:00:00+00:00,2024-09-08 15:00:00+00:00,short,54201.59,54440.18714285714,-1.0000000000000044,stop
BTCUSD,2024-09-09 15:00:00+00:00,2024-09-09 16:00:00+00:00,short,54829.92,55247.58357142857,-1.0000000000000024,stop
BTCUSD,2024-09-10 14:00:00+00:00,2024-09-10 15:00:00+00:00,short,56727.14,57088.82571428571,-0.9999999999999942,stop
BTCUSD,2024-09-10 16:00:00+00:00,2024-09-10 18:00:00+00:00,short,56587.49,56984.497142857144,-1.000000000000009,stop
BTCUSD,2024-09-11 02:00:00+00:00,2024-09-11 15:00:00+00:00,short,56718.65,55668.60857142857,2.000000000000002,tp
BTCUSD,2024-09-12 13:00:00+00:00,2024-09-12 15:00:00+00:00,short,57688.65,58058.00928571429,-1.0000000000000042,stop
BTCUSD,2024-09-22 23:00:00+00:00,2024-09-23 00:00:00+00:00,long,63871.36,63466.59285714286,-0.9999999999999948,stop
BTCUSD,2024-09-23 16:00:00+00:00,2024-09-23 17:00:00+00:00,long,63609.22,63206.055714285714,-1.0000000000000013,stop
BTCUSD,2024-09-24 18:00:00+00:00,2024-09-24 21:00:00+00:00,long,63774.74,64503.13428571428,2.0,tp
BTCUSD,2024-09-25 15:00:00+00:00,2024-09-25 16:00:00+00:00,long,63939.88,63615.82357142857,-1.000000000000003,stop
BTCUSD,2024-09-29 00:00:00+00:00,2024-09-29 06:00:00+00:00,long,65857.33,65634.62714285715,-0.999999999999986,stop
BTCUSD,2024-09-29 14:00:00+00:00,2024-09-29 16:00:00+00:00,long,65819.56,65641.50285714286,-1.0000000000000115,stop
BTCUSD,2024-10-02 16:00:00+00:00,2024-10-02 18:00:00+00:00,long,61887.0,61394.563571428575,-0.9999999999999947,stop
BTCUSD,2024-10-06 02:00:00+00:00,2024-10-06 04:00:00+00:00,long,62082.85,61891.078571428574,-0.9999999999999892,stop
BTCUSD,2024-10-06 23:00:00+00:00,2024-10-07 01:00:00+00:00,long,62609.3,63131.82000000001,2.0000000000000115,tp
BTCUSD,2024-10-07 12:00:00+00:00,2024-10-07 15:00:00+00:00,long,63114.99,63910.05142857143,2.0000000000000075,tp
BTCUSD,2024-10-07 20:00:00+00:00,2024-10-07 23:00:00+00:00,long,63368.57,62843.91,-0.9999999999999941,stop
BTCUSD,2024-10-08 14:00:00+00:00,2024-10-08 15:00:00+00:00,long,63012.59,62657.29214285714,-0.9999999999999927,stop
BTCUSD,2024-10-09 16:00:00+00:00,2024-10-09 17:00:00+00:00,long,62266.46,61995.15642857143,-1.0,stop
BTCUSD,2024-10-13 20:00:00+00:00,2024-10-14 01:00:00+00:00,long,62718.0,62441.762142857144,-0.9999999999999944,stop
BTCUSD,2024-10-14 04:00:00+00:00,2024-10-14 06:00:00+00:00,long,64264.0,63811.825,-1.0000000000000033,stop
BTCUSD,2024-10-15 13:00:00+00:00,2024-10-15 14:00:00+00:00,long,65781.42,66489.46714285715,2.0000000000000204,tp
BTCUSD,2024-10-15 16:00:00+00:00,2024-10-16 02:00:00+00:00,long,65995.78,67423.86142857143,2.000000000000007,tp
BTCUSD,2024-10-17 16:00:00+00:00,2024-10-17 17:00:00+00:00,long,67567.63,67134.96071428573,-0.999999999999988,stop
BTCUSD,2024-10-18 02:00:00+00:00,2024-10-18 04:00:00+00:00,long,68058.53,67581.20357142857,-0.9999999999999979,stop
BTCUSD,2024-10-18 14:00:00+00:00,2024-10-19 14:00:00+00:00,long,68189.13,68110.94,-0.19119195871067432,timeout
BTCUSD,2024-10-19 23:00:00+00:00,2024-10-20 02:00:00+00:00,long,68317.53,68157.215,-1.000000000000026,stop
BTCUSD,2024-10-20 05:00:00+00:00,2024-10-20 15:00:00+00:00,long,68219.36,68518.41571428571,2.000000000000014,tp
BTCUSD,2024-10-22 15:00:00+00:00,2024-10-22 16:00:00+00:00,long,67519.15,67102.985,-0.999999999999985,stop
BTCUSD,2024-10-22 19:00:00+00:00,2024-10-23 04:00:00+00:00,long,67335.81,66894.06999999999,-1.0000000000000118,stop
BTCUSD,2024-10-26 20:00:00+00:00,2024-10-27 02:00:00+00:00,long,67100.5,66874.28785714286,-0.9999999999999953,stop
BTCUSD,2024-10-27 04:00:00+00:00,2024-10-27 12:00:00+00:00,long,67197.58,66980.5642857143,-0.999999999999976,stop
BTCUSD,2024-10-30 15:00:00+00:00,2024-10-30 16:00:00+00:00,long,72404.03,72037.495,-1.0000000000000084,stop
BTCUSD,2024-10-30 21:00:00+00:00,2024-10-30 22:00:00+00:00,long,72849.97,72356.68928571428,-1.0000000000000104,stop
BTCUSD,2024-11-01 13:00:00+00:00,2024-11-01 15:00:00+00:00,long,70294.47,71188.73,1.9999999999999953,tp
BTCUSD,2024-11-05 21:00:00+00:00,2024-11-06 01:00:00+00:00,long,69439.55,70732.53285714285,1.999999999999997,tp
BTCUSD,2024-11-07 15:00:00+00:00,2024-11-07 16:00:00+00:00,long,74871.03,75689.00857142857,2.0,tp
BTCUSD,2024-11-08 16:00:00+00:00,2024-11-08 17:00:00+00:00,long,76516.29,76066.68857142856,-1.0000000000000093,stop
BTCUSD,2024-11-08 18:00:00+00:00,2024-11-09 18:00:00+00:00,long,76454.18,75954.0457142857,-1.0000000000000042,stop
BTCUSD,2024-11-10 22:00:00+00:00,2024-11-10 23:00:00+00:00,long,79927.08,81397.70857142858,2.0000000000000027,tp
BTCUSD,2024-11-12 15:00:00+00:00,2024-11-12 20:00:00+00:00,long,87059.56,89915.85142857143,2.0000000000000044,tp
BTCUSD,2024-11-15 17:00:00+00:00,2024-11-15 21:00:00+00:00,long,89387.31,91324.4857142857,1.9999999999999978,tp
BTCUSD,2024-11-18 02:00:00+00:00,2024-11-18 08:00:00+00:00,long,90759.08,92102.91142857143,2.000000000000003,tp
BTCUSD,2024-11-18 16:00:00+00:00,2024-11-18 17:00:00+00:00,long,92399.16,91464.59214285715,-1.000000000000001,stop
BTCUSD,2024-11-18 21:00:00+00:00,2024-11-19 00:00:00+00:00,long,91568.11,90352.59714285714,-1.000000000000005,stop
BTCUSD,2024-11-19 15:00:00+00:00,2024-11-19 18:00:00+00:00,long,91905.29,93299.41857142856,1.9999999999999911,tp
BTCUSD,2024-11-22 16:00:00+00:00,2024-11-23 16:00:00+00:00,long,98841.11,98595.49,-0.3298174469427832,timeout
BTCUSD,2024-11-24 23:00:00+00:00,2024-11-25 02:00:00+00:00,long,98115.85,97372.83357142858,-0.9999999999999959,stop
BTCUSD,2024-11-26 17:00:00+00:00,2024-11-26 19:00:00+00:00,long,94099.98,93016.50785714286,-0.9999999999999933,stop
BTCUSD,2024-12-01 09:00:00+00:00,2024-12-01 11:00:00+00:00,long,97100.36,96714.08785714285,-1.0000000000000189,stop
BTCUSD,2024-12-02 15:00:00+00:00,2024-12-02 18:00:00+00:00,long,96393.13,95598.79571428572,-1.0,stop
BTCUSD,2024-12-03 16:00:00+00:00,2024-12-03 17:00:00+00:00,long,95735.74,95039.14428571428,-1.0000000000000104,stop
BTCUSD,2024-12-03 18:00:00+00:00,2024-12-03 20:00:00+00:00,long,95873.86,95096.89071428572,-0.999999999999992,stop
BTCUSD,2024-12-04 19:00:00+00:00,2024-12-04 21:00:00+00:00,long,96224.74,97527.9242857143,2.0000000000000093,tp
BTCUSD,2024-12-05 18:00:00+00:00,2024-12-05 19:00:00+00:00,long,101372.2,100260.70214285715,-0.9999999999999944,stop
BTCUSD,2024-12-09 15:00:00+00:00,2024-12-09 16:00:00+00:00,long,100172.35,99372.59142857144,-0.9999999999999948,stop
BTCUSD,2024-12-10 22:00:00+00:00,2024-12-11 02:00:00+00:00,long,96916.79,95781.5307142857,-1.000000000000001,stop
BTCUSD,2024-12-13 08:00:00+00:00,2024-12-13 18:00:00+00:00,long,100166.89,101561.49571428572,2.0,tp
BTCUSD,2024-12-15 00:00:00+00:00,2024-12-15 05:00:00+00:00,long,101400.0,102303.36,2.0000000000000093,tp
BTCUSD,2024-12-16 15:00:00+00:00,2024-12-16 17:00:00+00:00,long,105489.77,107020.57857142857,1.9999999999999973,tp
BTCUSD,2024-12-17 17:00:00+00:00,2024-12-17 20:00:00+00:00,long,107088.45,106295.77214285714,-1.0000000000000038,stop
BTCUSD,2024-12-20 16:00:00+00:00,2024-12-20 22:00:00+00:00,long,96927.88,95444.23857142858,-0.9999999999999987,stop
BTCUSD,2024-12-30 13:00:00+00:00,2024-12-30 14:00:00+00:00,short,93621.13,92576.14428571428,2.0000000000000115,tp
BTCUSD,2024-12-30 22:00:00+00:00,2024-12-31 07:00:00+00:00,short,91921.77,92885.76285714286,-1.0000000000000044,stop
BTCUSD,2024-12-31 19:00:00+00:00,2025-01-01 19:00:00+00:00,short,93750.8,94123.99,-0.4410078761957601,timeout
BTCUSD,2025-01-05 16:00:00+00:00,2025-01-05 18:00:00+00:00,long,98003.23,97680.33714285714,-0.9999999999999871,stop
BTCUSD,2025-01-05 20:00:00+00:00,2025-01-06 00:00:00+00:00,long,98060.46,98782.92571428572,2.0,tp
BTCUSD,2025-01-10 14:00:00+00:00,2025-01-10 15:00:00+00:00,short,93545.3,94211.66285714286,-0.9999999999999969,stop
BTCUSD,2025-01-10 16:00:00+00:00,2025-01-10 18:00:00+00:00,short,93720.06,94574.25642857143,-1.0000000000000062,stop
BTCUSD,2025-01-11 18:00:00+00:00,2025-01-11 21:00:00+00:00,short,94106.15,94430.50714285714,-1.0000000000000064,stop
BTCUSD,2025-01-12 22:00:00+00:00,2025-01-13 01:00:00+00:00,short,94296.74,94692.61214285715,-0.9999999999999974,stop
BTCUSD,2025-01-13 02:00:00+00:00,2025-01-13 05:00:00+00:00,short,94178.78,94763.95571428571,-0.9999999999999893,stop
BTCUSD,2025-01-16 13:00:00+00:00,2025-01-16 15:00:00+00:00,long,99368.4,98739.84571428571,-1.0000000000000016,stop
BTCUSD,2025-01-16 16:00:00+00:00,2025-01-17 02:00:00+00:00,long,99270.6,100818.57857142857,1.9999999999999973,tp
BTCUSD,2025-01-19 10:00:00+00:00,2025-01-19 11:00:00+00:00,long,105143.65,104407.45142857142,-0.9999999999999943,stop
BTCUSD,2025-01-19 13:00:00+00:00,2025-01-19 22:00:00+00:00,long,104767.03,103936.17357142856,-1.0000000000000075,stop
BTCUSD,2025-01-20 07:00:00+00:00,2025-01-20 16:00:00+00:00,long,107300.9,105269.11214285714,-1.000000000000003,stop
BTCUSD,2025-01-20 17:00:00+00:00,2025-01-20 18:00:00+00:00,long,106520.32,104397.04571428572,-1.0000000000000004,stop
BTCUSD,2025-01-21 16:00:00+00:00,2025-01-21 17:00:00+00:00,long,103860.03,106091.52285714286,2.0000000000000058,tp
BTCUSD,2025-01-23 15:00:00+00:00,2025-01-23 16:00:00+00:00,long,105200.66,104129.63857142857,-1.000000000000002,stop
BTCUSD,2025-01-26 04:00:00+00:00,2025-01-26 10:00:00+00:00,long,105046.03,104677.09428571428,-1.0000000000000113,stop
BTCUSD,2025-01-28 18:00:00+00:00,2025-01-28 20:00:00+00:00,long,102568.05,101847.73714285715,-0.9999999999999941,stop
BTCUSD,2025-01-29 18:00:00+00:00,2025-01-29 20:00:00+00:00,long,102407.84,101869.66142857142,-1.0000000000000115,stop
BTCUSD,2025-01-31 16:00:00+00:00,2025-01-31 17:00:00+00:00,long,105477.7,104880.39785714286,-0.9999999999999949,stop
BTCUSD,2025-02-06 15:00:00+00:00,2025-02-06 17:00:00+00:00,short,97872.33,96693.68428571429,1.9999999999999964,tp
BTCUSD,2025-02-07 18:00:00+00:00,2025-02-07 19:00:00+00:00,short,97455.19,98310.54071428571,-1.0,stop
BTCUSD,2025-02-07 20:00:00+00:00,2025-02-08 20:00:00+00:00,short,96907.18,96610.26,0.31606447688564326,timeout
BTCUSD,2025-02-10 02:00:00+00:00,2025-02-10 04:00:00+00:00,short,95600.06,96383.61928571429,-1.000000000000008,stop
BTCUSD,2025-02-11 13:00:00+00:00,2025-02-11 14:00:00+00:00,short,97792.18,96983.3257142857,2.0000000000000155,tp
BTCUSD,2025-02-15 23:00:00+00:00,2025-02-16 14:00:00+00:00,short,97555.34,97060.27,1.9999999999999747,tp
BTCUSD,2025-02-16 23:00:00+00:00,2025-02-17 00:00:00+00:00,short,96891.8,96245.72714285714,2.000000000000006,tp
BTCUSD,2025-02-17 16:00:00+00:00,2025-02-17 21:00:00+00:00,short,95672.27,96124.19642857143,-1.0000000000000047,stop
BTCUSD,2025-02-18 15:00:00+00:00,2025-02-18 18:00:00+00:00,short,95495.92,94481.91857142857,2.0,tp
BTCUSD,2025-02-19 19:00:00+00:00,2025-02-19 20:00:00+00:00,short,95655.92,96134.23642857143,-0.9999999999999979,stop
BTCUSD,2025-02-20 16:00:00+00:00,2025-02-20 17:00:00+00:00,short,96926.0,97344.90142857142,-0.9999999999999877,stop
BTCUSD,2025-02-21 16:00:00+00:00,2025-02-21 17:00:00+00:00,short,98127.23,98676.29857142858,-1.0000000000000095,stop
BTCUSD,2025-02-22 21:00:00+00:00,2025-02-23 13:00:00+00:00,short,96580.95,96008.77285714285,2.0000000000000147,tp
BTCUSD,2025-02-24 02:00:00+00:00,2025-02-24 05:00:00+00:00,short,95987.07,95273.1742857143,1.9999999999999825,tp
BTCUSD,2025-02-27 15:00:00+00:00,2025-02-27 16:00:00+00:00,short,84894.97,85757.92071428572,-1.0000000000000024,stop
BTCUSD,2025-03-03 15:00:00+00:00,2025-03-03 16:00:00+00:00,short,89194.72,90396.60642857142,-0.9999999999999939,stop
BTCUSD,2025-03-06 13:00:00+00:00,2025-03-06 16:00:00+00:00,short,90078.85,90989.20785714286,-0.9999999999999931,stop
BTCUSD,2025-03-06 17:00:00+00:00,2025-03-06 23:00:00+00:00,short,89302.28,90328.47142857143,-1.0,stop
BTCUSD,2025-03-07 01:00:00+00:00,2025-03-07 02:00:00+00:00,short,85519.34,87134.57428571428,-0.9999999999999968,stop
BTCUSD,2025-03-07 16:00:00+00:00,2025-03-07 22:00:00+00:00,short,88419.87,86147.77285714286,1.9999999999999944,tp
BTCUSD,2025-03-10 14:00:00+00:00,2025-03-10 15:00:00+00:00,short,81508.45,79137.53428571428,2.0,tp
BTCUSD,2025-03-11 15:00:00+00:00,2025-03-11 16:00:00+00:00,short,79724.64,80769.68428571428,-0.9999999999999941,stop
BTCUSD,2025-03-12 05:00:00+00:00,2025-03-12 09:00:00+00:00,short,81756.87,82694.91928571428,-0.9999999999999944,stop
BTCUSD,2025-03-12 15:00:00+00:00,2025-03-12 18:00:00+00:00,short,81501.43,82451.81142857143,-1.0000000000000033,stop
BTCUSD,2025-03-16 02:00:00+00:00,2025-03-16 03:00:00+00:00,short,83877.26,84139.60142857142,-0.9999999999999842,stop
BTCUSD,2025-03-16 20:00:00+00:00,2025-03-17 05:00:00+00:00,short,83102.89,83785.94071428571,-0.9999999999999909,stop
BTCUSD,2025-03-17 13:00:00+00:00,2025-03-17 14:00:00+00:00,short,83021.3,83556.50357142858,-1.000000000000002,stop
BTCUSD,2025-03-20 16:00:00+00:00,2025-03-21 13:00:00+00:00,short,84667.22,83384.59714285714,2.000000000000006,tp
BTCUSD,2025-03-22 20:00:00+00:00,2025-03-23 00:00:00+00:00,short,84178.13,83801.79714285715,2.000000000000011,tp
BTCUSD,2025-03-27 16:00:00+00:00,2025-03-27 19:00:00+00:00,short,86952.07,87430.75,-0.9999999999999913,stop
BTCUSD,2025-03-27 20:00:00+00:00,2025-03-27 22:00:00+00:00,short,87063.38,87585.99,-1.000000000000002,stop
BTCUSD,2025-03-31 20:00:00+00:00,2025-04-01 04:00:00+00:00,short,82444.71,83227.99571428572,-0.9999999999999961,stop
BTCUSD,2025-04-04 11:00:00+00:00,2025-04-04 14:00:00+00:00,short,82563.48,83235.53928571427,-0.9999999999999907,stop
BTCUSD,2025-04-04 15:00:00+00:00,2025-04-04 16:00:00+00:00,short,82517.82,83411.84285714287,-1.0000000000000033,stop
BTCUSD,2025-04-07 17:00:00+00:00,2025-04-07 18:00:00+00:00,short,77391.98,79031.10285714285,-0.9999999999999976,stop
BTCUSD,2025-04-08 15:00:00+00:00,2025-04-08 18:00:00+00:00,short,78448.53,76774.15999999999,2.000000000000005,tp
BTCUSD,2025-04-09 12:00:00+00:00,2025-04-09 14:00:00+00:00,short,76193.99,77186.95642857143,-0.9999999999999937,stop
BTCUSD,2025-04-09 15:00:00+00:00,2025-04-09 17:00:00+00:00,short,76793.69,77885.22071428572,-1.0000000000000049,stop
BTCUSD,2025-04-10 14:00:00+00:00,2025-04-10 15:00:00+00:00,short,80815.24,81447.66500000001,-1.0000000000000067,stop
BTCUSD,2025-04-20 21:00:00+00:00,2025-04-20 23:00:00+00:00,long,85122.99,84806.06,-1.0000000000000229,stop
BTCUSD,2025-04-21 20:00:00+00:00,2025-04-22 02:00:00+00:00,long,87416.85,88763.88714285716,2.000000000000003,tp
BTCUSD,2025-04-24 14:00:00+00:00,2025-04-25 00:00:00+00:00,long,92867.46,93877.11857142858,2.000000000000004,tp
BTCUSD,2025-04-28 05:00:00+00:00,2025-04-28 11:00:00+00:00,long,94070.19,94935.13,2.000000000000005,tp
BTCUSD,2025-04-28 15:00:00+00:00,2025-04-28 16:00:00+00:00,long,94475.08,93849.66928571429,-0.9999999999999932,stop
BTCUSD,2025-04-28 20:00:00+00:00,2025-04-29 20:00:00+00:00,long,94813.53,95349.42,0.8015885480939666,timeout
BTCUSD,2025-04-30 21:00:00+00:00,2025-05-01 11:00:00+00:00,long,94577.56,95848.09428571428,1.9999999999999967,tp
BTCUSD,2025-05-04 21:00:00+00:00,2025-05-04 23:00:00+00:00,long,95734.23,95465.70857142856,-1.0000000000000038,stop
BTCUSD,2025-05-05 18:00:00+00:00,2025-05-05 21:00:00+00:00,long,94500.6,94036.00285714286,-1.0000000000000158,stop
BTCUSD,2025-05-06 16:00:00+00:00,2025-05-06 23:00:00+00:00,long,94558.11,95405.35142857142,1.9999999999999853,tp
BTCUSD,2025-05-07 19:00:00+00:00,2025-05-07 20:00:00+00:00,long,96618.81,96179.23357142857,-0.9999999999999929,stop
BTCUSD,2025-05-07 21:00:00+00:00,2025-05-08 02:00:00+00:00,long,96804.9,97828.72428571427,1.9999999999999918,tp
BTCUSD,2025-05-09 18:00:00+00:00,2025-05-10 18:00:00+00:00,long,103220.21,103185.01,-0.04479442105848307,timeout
BTCUSD,2025-05-12 00:00:00+00:00,2025-05-12 08:00:00+00:00,long,104137.58,105217.52142857143,2.000000000000004,tp
BTCUSD,2025-05-12 14:00:00+00:00,2025-05-12 15:00:00+00:00,long,104348.29,103663.99357142857,-0.9999999999999939,stop
BTCUSD,2025-05-15 16:00:00+00:00,2025-05-15 20:00:00+00:00,long,103287.25,102608.21785714285,-1.000000000000009,stop
BTCUSD,2025-05-16 14:00:00+00:00,2025-05-16 15:00:00+00:00,long,104053.02,103616.45357142857,-1.0,stop
BTCUSD,2025-05-16 16:00:00+00:00,2025-05-16 19:00:00+00:00,long,104229.4,103767.25285714286,-0.9999999999999865,stop
BTCUSD,2025-05-16 20:00:00+00:00,2025-05-16 21:00:00+00:00,long,104073.36,103563.21642857142,-1.0000000000000062,stop
BTCUSD,2025-05-18 23:00:00+00:00,2025-05-19 01:00:00+00:00,long,105971.11,105209.77428571429,-0.9999999999999987,stop
BTCUSD,2025-05-19 15:00:00+00:00,2025-05-20 01:00:00+00:00,long,104367.07,105940.22571428573,2.0000000000000053,tp
BTCUSD,2025-05-20 16:00:00+00:00,2025-05-20 20:00:00+00:00,long,105382.35,106614.04428571429,1.9999999999999967,tp
BTCUSD,2025-05-21 20:00:00+00:00,2025-05-22 04:00:00+00:00,long,108675.09,111046.2657142857,1.9999999999999947,tp
BTCUSD,2025-05-25 23:00:00+00:00,2025-05-26 16:00:00+00:00,long,109212.36,110446.1557142857,1.9999999999999933,tp
BTCUSD,2025-05-26 21:00:00+00:00,2025-05-27 02:00:00+00:00,long,109617.67,109058.93428571428,-1.000000000000011,stop
BTCUSD,2025-06-02 21:00:00+00:00,2025-06-03 01:00:00+00:00,long,104952.38,106147.2242857143,2.0000000000000067,tp
BTCUSD,2025-06-05 13:00:00+00:00,2025-06-05 14:00:00+00:00,long,105704.86,105313.92214285713,-1.0000000000000187,stop
BTCUSD,2025-06-10 19:00:00+00:00,2025-06-11 19:00:00+00:00,long,109306.8,108700.20142857142,-1.000000000000012,stop
BTCUSD,2025-06-12 18:00:00+00:00,2025-06-12 19:00:00+00:00,long,108328.51,107763.58071428571,-1.0000000000000018,stop
BTCUSD,2025-06-13 16:00:00+00:00,2025-06-13 19:00:00+00:00,long,105503.6,104807.68428571429,-1.0,stop
BTCUSD,2025-06-14 22:00:00+00:00,2025-06-15 07:00:00+00:00,long,105382.17,106168.67714285715,2.0000000000000107,tp
BTCUSD,2025-06-16 00:00:00+00:00,2025-06-16 02:00:00+00:00,long,105600.21,105188.93285714286,-1.0000000000000075,stop
BTCUSD,2025-06-22 14:00:00+00:00,2025-06-22 15:00:00+00:00,short,100879.85,99422.36714285714,2.0000000000000027,tp
BTCUSD,2025-06-23 16:00:00+00:00,2025-06-23 17:00:00+00:00,short,101479.84,100273.1557142857,2.0000000000000067,tp
BTCUSD,2025-06-26 15:00:00+00:00,2025-06-26 16:00:00+00:00,long,107496.91,107041.12285714287,-0.9999999999999909,stop
BTCUSD,2025-06-27 16:00:00+00:00,2025-06-27 18:00:00+00:00,long,107385.37,106930.715,-0.9999999999999887,stop
BTCUSD,2025-06-28 16:00:00+00:00,2025-06-28 20:00:00+00:00,long,107506.74,107291.72652000001,-0.9999999999999728,stop
BTCUSD,2025-06-28 22:00:00+00:00,2025-06-29 10:00:00+00:00,long,107392.02,107821.58808,1.9999999999999873,tp
BTCUSD,2025-06-29 23:00:00+00:00,2025-06-30 07:00:00+00:00,long,108122.52,107743.83214285715,-0.9999999999999918,stop
BTCUSD,2025-07-03 17:00:00+00:00,2025-07-04 09:00:00+00:00,long,109326.7,108680.02428571429,-0.9999999999999934,stop
BTCUSD,2025-07-05 20:00:00+00:00,2025-07-06 10:00:00+00:00,long,108180.64,107964.27872,-0.9999999999999878,stop
BTCUSD,2025-07-08 17:00:00+00:00,2025-07-09 13:00:00+00:00,long,108459.16,109225.27857142857,2.0,tp
BTCUSD,2025-07-13 02:00:00+00:00,2025-07-13 13:00:00+00:00,long,117587.39,118374.53285714285,1.999999999999995,tp
BTCUSD,2025-07-17 15:00:00+00:00,2025-07-17 22:00:00+00:00,long,118832.67,120204.01285714285,1.9999999999999971,tp
BTCUSD,2025-07-20 13:00:00+00:00,2025-07-20 15:00:00+00:00,long,118127.04,118702.18428571428,1.9999999999999853,tp
BTCUSD,2025-07-20 19:00:00+00:00,2025-07-20 21:00:00+00:00,long,118406.65,118048.41857142857,-0.9999999999999826,stop
BTCUSD,2025-07-21 03:00:00+00:00,2025-07-21 08:00:00+00:00,long,118256.67,119486.78857142857,1.99999999999999,tp
BTCUSD,2025-07-21 14:00:00+00:00,2025-07-21 17:00:00+00:00,long,118912.85,118224.32714285715,-1.0000000000000062,stop
BTCUSD,2025-07-22 02:00:00+00:00,2025-07-22 04:00:00+00:00,long,117812.81,116942.7657142857,-1.000000000000007,stop
BTCUSD,2025-07-23 16:00:00+00:00,2025-07-23 17:00:00+00:00,long,118648.91,118062.08142857143,-1.0000000000000107,stop
BTCUSD,2025-07-23 20:00:00+00:00,2025-07-23 21:00:00+00:00,long,118458.67,117828.87285714287,-0.9999999999999901,stop
BTCUSD,2025-07-24 08:00:00+00:00,2025-07-25 01:00:00+00:00,long,118470.51,117855.86428571428,-0.999999999999995,stop
BTCUSD,2025-07-30 15:00:00+00:00,2025-07-30 16:00:00+00:00,long,118730.79,118212.015,-0.9999999999999879,stop
BTCUSD,2025-07-31 16:00:00+00:00,2025-07-31 18:00:00+00:00,long,118288.22,117889.55571428571,-1.0,stop
BTCUSD,2025-08-12 13:00:00+00:00,2025-08-12 14:00:00+00:00,long,119272.72,118807.92714285714,-1.0000000000000158,stop
BTCUSD,2025-08-12 15:00:00+00:00,2025-08-13 12:00:00+00:00,long,119445.02,120525.47571428571,1.9999999999999925,tp
BTCUSD,2025-08-17 03:00:00+00:00,2025-08-17 05:00:00+00:00,long,117680.21,118150.93084,1.9999999999999765,tp
BTCUSD,2025-08-24 03:00:00+00:00,2025-08-24 17:00:00+00:00,short,114955.01,114284.5157142857,2.0000000000000187,tp
BTCUSD,2025-08-25 20:00:00+00:00,2025-08-26 01:00:00+00:00,short,110693.42,109027.57857142857,1.9999999999999927,tp
BTCUSD,2025-08-28 17:00:00+00:00,2025-08-29 07:00:00+00:00,short,112341.75,111124.00714285714,2.0,tp
BTCUSD,2025-08-30 21:00:00+00:00,2025-08-31 01:00:00+00:00,short,108651.17,108955.105,-0.9999999999999897,stop
BTCUSD,2025-08-31 05:00:00+00:00,2025-08-31 14:00:00+00:00,short,108818.06,108192.37857142858,1.99999999999998,tp
BTCUSD,2025-09-01 00:00:00+00:00,2025-09-01 03:00:00+00:00,short,108247.95,107571.10142857142,2.0000000000000124,tp
BTCUSD,2025-09-01 11:00:00+00:00,2025-09-01 14:00:00+00:00,short,108562.81,109237.25928571429,-1.000000000000003,stop
BTCUSD,2025-09-01 22:00:00+00:00,2025-09-01 23:00:00+00:00,short,107790.31,108443.47857142857,-0.9999999999999969,stop
BTCUSD,2025-09-02 13:00:00+00:00,2025-09-02 14:00:00+00:00,short,108803.15,109433.54214285714,-1.00000000000001,stop
BTCUSD,2025-09-05 15:00:00+00:00,2025-09-05 19:00:00+00:00,short,110560.83,111258.91714285714,-0.9999999999999956,stop
BTCUSD,2025-09-05 22:00:00+00:00,2025-09-06 22:00:00+00:00,short,110620.2,110232.85,0.494712959930511,timeout
BTCUSD,2025-09-08 01:00:00+00:00,2025-09-08 03:00:00+00:00,short,110817.12,111122.80071428571,-1.0,stop
BTCUSD,2025-09-08 05:00:00+00:00,2025-09-08 08:00:00+00:00,short,110976.47,111337.32357142857,-0.9999999999999913,stop
BTCUSD,2025-09-09 15:00:00+00:00,2025-09-10 08:00:00+00:00,short,111771.63,112304.54785714287,-1.0000000000000098,stop
BTCUSD,2025-09-13 20:00:00+00:00,2025-09-14 05:00:00+00:00,long,115860.7,115568.68785714285,-1.000000000000007,stop
BTCUSD,2025-09-14 21:00:00+00:00,2025-09-15 00:00:00+00:00,long,115858.81,115561.65,-1.000000000000014,stop
BTCUSD,2025-09-15 05:00:00+00:00,2025-09-15 08:00:00+00:00,long,116097.9,115717.46857142856,-1.0000000000000135,stop
BTCUSD,2025-09-15 19:00:00+00:00,2025-09-16 18:00:00+00:00,long,115321.12,116480.28,2.000000000000007,tp
BTCUSD,2025-09-20 08:00:00+00:00,2025-09-20 09:00:00+00:00,long,116030.04,115797.97992,-0.9999999999999812,stop
BTCUSD,2025-09-21 18:00:00+00:00,2025-09-21 20:00:00+00:00,long,115687.74,115456.36452,-1.0000000000000104,stop
BTCUSD,2025-09-26 20:00:00+00:00,2025-09-27 20:00:00+00:00,short,109216.01,109470.2,-0.38585796814822876,timeout
BTCUSD,2025-09-28 02:00:00+00:00,2025-09-28 09:00:00+00:00,short,109401.18,109619.98236,-1.0000000000000069,stop
BTCUSD,2025-09-30 16:00:00+00:00,2025-09-30 19:00:00+00:00,short,113135.87,113587.10857142856,-0.9999999999999861,stop
BTCUSD,2025-10-03 09:00:00+00:00,2025-10-03 15:00:00+00:00,long,120138.01,121088.60714285713,1.999999999999987,tp
BTCUSD,2025-10-05 17:00:00+00:00,2025-10-05 21:00:00+00:00,long,123291.79,122525.37714285713,-1.0000000000000013,stop
BTCUSD,2025-10-08 17:00:00+00:00,2025-10-09 03:00:00+00:00,long,123097.9,122304.85642857142,-0.9999999999999987,stop
BTCUSD,2025-10-16 08:00:00+00:00,2025-10-16 10:00:00+00:00,short,110578.02,111342.69928571429,-1.0000000000000027,stop
BTCUSD,2025-10-16 14:00:00+00:00,2025-10-16 16:00:00+00:00,short,110895.93,109044.92428571428,1.9999999999999978,tp
BTCUSD,2025-10-18 17:00:00+00:00,2025-10-18 20:00:00+00:00,short,106685.32,107126.23857142858,-1.0000000000000022,stop
BTCUSD,2025-10-19 01:00:00+00:00,2025-10-19 04:00:00+00:00,short,106934.11,107299.27857142857,-1.0,stop
BTCUSD,2025-10-20 01:00:00+00:00,2025-10-20 03:00:00+00:00,short,108092.0,108692.72285714286,-1.0,stop
BTCUSD,2025-10-20 18:00:00+00:00,2025-10-20 19:00:00+00:00,short,110321.03,110977.87999999999,-0.999999999999992,stop
BTCUSD,2025-10-21 01:00:00+00:00,2025-10-21 04:00:00+00:00,short,110482.41,109138.09714285715,2.0,tp
BTCUSD,2025-10-21 23:00:00+00:00,2025-10-22 23:00:00+00:00,short,109117.98,107203.95,1.4111526497140678,timeout
BTCUSD,2025-10-23 21:00:00+00:00,2025-10-24 01:00:00+00:00,short,109562.01,110366.89928571427,-0.9999999999999922,stop
BTCUSD,2025-10-24 15:00:00+00:00,2025-10-24 20:00:00+00:00,short,110239.33,110929.08142857143,-0.9999999999999956,stop
BTCUSD,2025-10-31 17:00:00+00:00,2025-10-31 19:00:00+00:00,short,108766.01,109671.63357142857,-1.000000000000001,stop
BTCUSD,2025-11-01 22:00:00+00:00,2025-11-02 03:00:00+00:00,short,109814.89,110122.15357142857,-0.9999999999999967,stop
BTCUSD,2025-11-02 15:00:00+00:00,2025-11-02 17:00:00+00:00,short,110407.45,109457.45571428571,2.0000000000000044,tp
BTCUSD,2025-11-03 01:00:00+00:00,2025-11-03 04:00:00+00:00,short,109744.25,108603.16571428571,1.9999999999999964,tp
BTCUSD,2025-11-06 15:00:00+00:00,2025-11-06 16:00:00+00:00,short,102077.1,102856.09071428572,-0.9999999999999961,stop
BTCUSD,2025-11-08 20:00:00+00:00,2025-11-09 00:00:00+00:00,short,101953.44,102450.92214285715,-1.0000000000000042,stop
BTCUSD,2025-11-09 01:00:00+00:00,2025-11-09 12:00:00+00:00,short,101760.73,102233.14,-1.0000000000000089,stop
BTCUSD,2025-11-10 15:00:00+00:00,2025-11-10 16:00:00+00:00,short,104852.06,105484.10714285714,-1.00000000000001,stop
BTCUSD,2025-11-12 15:00:00+00:00,2025-11-12 16:00:00+00:00,short,103980.76,102749.79714285713,2.0000000000000067,tp
BTCUSD,2025-11-13 14:00:00+00:00,2025-11-13 15:00:00+00:00,short,102299.76,103129.42928571429,-1.0000000000000075,stop
BTCUSD,2025-11-13 16:00:00+00:00,2025-11-13 19:00:00+00:00,short,101351.99,99381.13142857143,1.999999999999998,tp
BTCUSD,2025-11-16 12:00:00+00:00,2025-11-16 16:00:00+00:00,short,95569.5,94613.66428571429,2.0000000000000044,tp
BTCUSD,2025-11-17 02:00:00+00:00,2025-11-17 08:00:00+00:00,short,94704.75,95697.96857142857,-1.000000000000002,stop
BTCUSD,2025-11-17 14:00:00+00:00,2025-11-17 15:00:00+00:00,short,93866.01,94585.50285714286,-1.0000000000000058,stop
BTCUSD,2025-11-20 14:00:00+00:00,2025-11-20 16:00:00+00:00,short,91436.94,90062.4,2.000000000000009,tp
BTCUSD,2025-11-24 10:00:00+00:00,2025-11-24 17:00:00+00:00,short,85895.05,86761.69785714286,-1.0000000000000049,stop
BTCUSD,2025-11-25 19:00:00+00:00,2025-11-26 00:00:00+00:00,short,87183.75,87852.77714285714,-1.0000000000000016,stop
BTCUSD,2025-11-28 02:00:00+00:00,2025-11-28 04:00:00+00:00,short,90771.87,91197.26785714286,-1.0000000000000049,stop
BTCUSD,2025-11-28 17:00:00+00:00,2025-11-29 17:00:00+00:00,short,90940.43,91029.58,-0.12321181948941548,timeout
BTCUSD,2025-11-29 18:00:00+00:00,2025-11-29 20:00:00+00:00,short,90454.01,90772.20357142857,-1.0000000000000229,stop
BTCUSD,2025-11-29 23:00:00+00:00,2025-11-30 09:00:00+00:00,short,90773.73,91118.25285714286,-1.000000000000006,stop
BTCUSD,2025-11-30 22:00:00+00:00,2025-12-01 01:00:00+00:00,short,91180.09,90311.6557142857,2.000000000000014,tp
BTCUSD,2025-12-04 17:00:00+00:00,2025-12-04 20:00:00+00:00,short,92459.16,91144.64142857143,2.000000000000006,tp
BTCUSD,2025-12-06 16:00:00+00:00,2025-12-07 00:00:00+00:00,short,89778.85,89131.25857142858,1.9999999999999807,tp
BTCUSD,2025-12-07 14:00:00+00:00,2025-12-07 15:00:00+00:00,short,89060.87,88323.89285714286,2.0000000000000115,tp
BTCUSD,2025-12-07 23:00:00+00:00,2025-12-08 00:00:00+00:00,short,89609.19,90460.8,-1.000000000000001,stop
BTCUSD,2025-12-08 15:00:00+00:00,2025-12-08 16:00:00+00:00,short,90853.99,89677.72142857143,2.0000000000000036,tp
BTCUSD,2025-12-09 15:00:00+00:00,2025-12-09 16:00:00+00:00,short,90364.0,90872.10357142857,-0.999999999999998,stop
BTCUSD,2025-12-12 16:00:00+00:00,2025-12-12 18:00:00+00:00,short,89922.82,90517.22071428572,-0.9999999999999982,stop
BTCUSD,2025-12-16 14:00:00+00:00,2025-12-16 15:00:00+00:00,short,86436.08,87069.16785714285,-0.9999999999999901,stop
BTCUSD,2025-12-17 16:00:00+00:00,2025-12-17 20:00:00+00:00,short,87192.13,85385.63285714286,1.9999999999999956,tp
BTCUSD,2025-12-18 18:00:00+00:00,2025-12-18 20:00:00+00:00,short,86425.66,84772.53714285714,2.000000000000005,tp
BTCUSD,2025-12-19 18:00:00+00:00,2025-12-19 20:00:00+00:00,short,86886.94,87618.485,-0.9999999999999929,stop
BTCUSD,2025-12-21 02:00:00+00:00,2025-12-21 09:00:00+00:00,short,87991.54,88225.58285714284,-0.9999999999999689,stop
BTCUSD,2025-12-21 14:00:00+00:00,2025-12-21 15:00:00+00:00,short,87642.01,87995.04714285713,-0.9999999999999822,stop
BTCUSD,2025-12-22 18:00:00+00:00,2025-12-22 20:00:00+00:00,short,89268.17,88144.88571428572,1.9999999999999964,tp
BTCUSD,2025-12-23 18:00:00+00:00,2025-12-23 19:00:00+00:00,short,87128.0,87705.145,-1.0,stop
BTCUSD,2025-12-23 20:00:00+00:00,2025-12-23 21:00:00+00:00,short,87693.42,88309.02857142857,-0.9999999999999967,stop
BTCUSD,2025-12-25 23:00:00+00:00,2025-12-26 00:00:00+00:00,short,87598.01,86948.9657142857,2.000000000000013,tp
BTCUSD,2025-12-26 15:00:00+00:00,2025-12-27 15:00:00+00:00,short,87309.99,87480.4,-0.2640255333653365,timeout
BTCUSD,2025-12-27 19:00:00+00:00,2025-12-27 23:00:00+00:00,short,87441.88,87616.76376,-0.9999999999999826,stop
BTCUSD,2025-12-28 18:00:00+00:00,2025-12-28 23:00:00+00:00,short,87673.99,87849.33798000001,-1.0000000000000338,stop
BTCUSD,2025-12-29 10:00:00+00:00,2025-12-29 13:00:00+00:00,short,88003.98,86787.81999999999,2.0,tp
BTCUSD,2025-12-30 21:00:00+00:00,2025-12-30 23:00:00+00:00,short,87836.94,88367.185,-0.9999999999999921,stop
BTCUSD,2025-12-31 15:00:00+00:00,2025-12-31 16:00:00+00:00,short,88375.82,87694.95714285715,2.000000000000006,tp
BTCUSD,2026-01-06 22:00:00+00:00,2026-01-07 02:00:00+00:00,long,93218.65,92511.38642857142,-1.0000000000000016,stop
BTCUSD,2026-01-08 16:00:00+00:00,2026-01-09 09:00:00+00:00,long,90690.02,90046.77928571429,-0.9999999999999952,stop
BTCUSD,2026-01-09 16:00:00+00:00,2026-01-09 19:00:00+00:00,long,91094.51,90523.54785714285,-0.9999999999999964,stop
BTCUSD,2026-01-11 01:00:00+00:00,2026-01-11 13:00:00+00:00,long,90505.34,90867.36136,1.9999999999999933,tp
BTCUSD,2026-01-12 00:00:00+00:00,2026-01-12 01:00:00+00:00,long,90878.51,90578.44571428571,-0.9999999999999791,stop
BTCUSD,2026-01-12 16:00:00+00:00,2026-01-12 18:00:00+00:00,long,91577.04,90966.34999999999,-1.000000000000005,stop
BTCUSD,2026-01-15 16:00:00+00:00,2026-01-15 19:00:00+00:00,long,96682.49,96079.96,-0.9999999999999949,stop
BTCUSD,2026-01-16 21:00:00+00:00,2026-01-16 22:00:00+00:00,long,95530.02,95068.47714285714,-1.000000000000011,stop
BTCUSD,2026-01-17 18:00:00+00:00,2026-01-17 23:00:00+00:00,long,95345.07,95151.52142857143,-1.0000000000000162,stop
BTCUSD,2026-01-18 17:00:00+00:00,2026-01-19 00:00:00+00:00,long,95126.01,94935.75798,-0.9999999999999996,stop
BTCUSD,2026-01-23 21:00:00+00:00,2026-01-24 21:00:00+00:00,short,89395.93,89235.0,0.2332690718810146,timeout
BTCUSD,2026-01-26 16:00:00+00:00,2026-01-26 19:00:00+00:00,short,87558.22,88103.74,-1.0000000000000115,stop
BTCUSD,2026-01-26 21:00:00+00:00,2026-01-26 22:00:00+00:00,short,87526.01,88151.65,-0.9999999999999983,stop
BTCUSD,2026-01-27 18:00:00+00:00,2026-01-27 19:00:00+00:00,short,87429.68,87907.715,-1.0000000000000044,stop
BTCUSD,2026-01-28 20:00:00+00:00,2026-01-29 03:00:00+00:00,short,89268.48,87967.42,1.9999999999999905,tp
BTCUSD,2026-02-09 00:00:00+00:00,2026-02-09 04:00:00+00:00,short,70279.32,71033.47142857144,-1.0000000000000095,stop
BTCUSD,2026-02-10 19:00:00+00:00,2026-02-11 07:00:00+00:00,short,68856.03,67308.80857142857,1.9999999999999947,tp
BTCUSD,2026-02-12 16:00:00+00:00,2026-02-12 17:00:00+00:00,short,67097.28,65918.10285714286,1.9999999999999931,tp
BTCUSD,2026-02-15 13:00:00+00:00,2026-02-15 18:00:00+00:00,short,69282.35,68268.83285714287,1.9999999999999876,tp
BTCUSD,2026-02-16 14:00:00+00:00,2026-02-17 00:00:00+00:00,short,68369.84,68932.44214285714,-0.9999999999999926,stop
BTCUSD,2026-02-17 20:00:00+00:00,2026-02-18 09:00:00+00:00,short,67756.22,68395.575,-0.9999999999999952,stop
BTCUSD,2026-02-18 17:00:00+00:00,2026-02-18 20:00:00+00:00,short,67105.38,66052.91285714286,2.000000000000004,tp
BTCUSD,2026-02-20 12:00:00+00:00,2026-02-20 14:00:00+00:00,short,67301.25,66577.74857142857,1.9999999999999885,tp
BTCUSD,2026-02-21 23:00:00+00:00,2026-02-22 15:00:00+00:00,short,67958.09,67344.75857142857,2.0,tp
SOLUSD,2024-02-26 04:00:00+00:00,2024-02-26 10:00:00+00:00,long,103.46,102.49214285714285,-0.999999999999999,stop
SOLUSD,2024-02-26 15:00:00+00:00,2024-02-26 17:00:00+00:00,long,103.55,105.98428571428572,2.0000000000000053,tp
SOLUSD,2024-03-01 01:00:00+00:00,2024-03-02 01:00:00+00:00,long,132.97,130.44,-0.5934986595174272,timeout
SOLUSD,2024-03-03 00:00:00+00:00,2024-03-03 02:00:00+00:00,long,130.13,128.56285714285713,-1.000000000000009,stop
SOLUSD,2024-03-03 10:00:00+00:00,2024-03-03 13:00:00+00:00,long,130.0,127.83785714285715,-0.9999999999999986,stop
SOLUSD,2024-03-04 09:00:00+00:00,2024-03-04 14:00:00+00:00,long,132.04,130.41571428571427,-1.000000000000005,stop
SOLUSD,2024-03-04 15:00:00+00:00,2024-03-04 17:00:00+00:00,long,132.04,129.87571428571428,-1.0000000000000018,stop
SOLUSD,2024-03-05 06:00:00+00:00,2024-03-05 08:00:00+00:00,long,132.7,130.03571428571428,-0.9999999999999991,stop
SOLUSD,2024-03-08 17:00:00+00:00,2024-03-08 22:00:00+00:00,long,148.62,145.56571428571428,-1.000000000000004,stop
SOLUSD,2024-03-10 02:00:00+00:00,2024-03-10 12:00:00+00:00,long,147.37,145.87785714285715,-0.9999999999999973,stop
SOLUSD,2024-03-12 16:00:00+00:00,2024-03-12 17:00:00+00:00,long,150.23,146.87857142857143,-0.9999999999999958,stop
SOLUSD,2024-03-14 15:00:00+00:00,2024-03-14 16:00:00+00:00,long,168.61,165.1157142857143,-1.0000000000000029,stop
SOLUSD,2024-03-14 21:00:00+00:00,2024-03-15 00:00:00+00:00,long,168.22,177.9442857142857,1.9999999999999993,tp
SOLUSD,2024-03-15 10:00:00+00:00,2024-03-15 19:00:00+00:00,long,172.94,187.5285714285714,1.999999999999999,tp
SOLUSD,2024-03-18 16:00:00+00:00,2024-03-18 17:00:00+00:00,long,203.72,199.24642857142857,-1.0000000000000013,stop
SOLUSD,2024-03-20 13:00:00+00:00,2024-03-20 16:00:00+00:00,long,174.94,169.88142857142856,-1.0000000000000029,stop
SOLUSD,2024-03-20 19:00:00+00:00,2024-03-21 01:00:00+00:00,long,183.92,194.81714285714284,1.9999999999999984,tp
SOLUSD,2024-03-23 17:00:00+00:00,2024-03-23 22:00:00+00:00,long,175.36,172.68714285714287,-0.9999999999999986,stop
SOLUSD,2024-03-24 01:00:00+00:00,2024-03-24 04:00:00+00:00,long,175.89,173.18571428571428,-0.9999999999999956,stop
SOLUSD,2024-03-24 19:00:00+00:00,2024-03-24 22:00:00+00:00,long,176.36,180.34,1.999999999999996,tp
SOLUSD,2024-03-26 01:00:00+00:00,2024-03-26 06:00:00+00:00,long,189.03,195.1057142857143,2.000000000000004,tp
SOLUSD,2024-03-26 22:00:00+00:00,2024-03-27 08:00:00+00:00,long,191.24,188.51714285714286,-1.0000000000000022,stop
SOLUSD,2024-03-28 14:00:00+00:00,2024-03-29 00:00:00+00:00,long,185.91,190.84571428571428,2.000000000000003,tp
SOLUSD,2024-03-31 17:00:00+00:00,2024-03-31 20:00:00+00:00,long,196.35,199.29571428571427,1.9999999999999918,tp
SOLUSD,2024-04-03 15:00:00+00:00,2024-04-03 18:00:00+00:00,long,190.53,187.47142857142856,-1.0000000000000033,stop
SOLUSD,2024-04-06 16:00:00+00:00,2024-04-07 02:00:00+00:00,long,177.22,180.71571428571428,2.0,tp
SOLUSD,2024-04-08 00:00:00+00:00,2024-04-08 01:00:00+00:00,long,179.52,177.68428571428572,-1.000000000000001,stop
SOLUSD,2024-04-08 08:00:00+00:00,2024-04-08 09:00:00+00:00,long,180.11,184.03285714285715,1.999999999999998,tp
SOLUSD,2024-04-15 15:00:00+00:00,2024-04-15 16:00:00+00:00,short,144.79,147.8542857142857,-1.0000000000000007,stop
SOLUSD,2024-04-18 00:00:00+00:00,2024-04-18 04:00:00+00:00,short,131.83,135.8807142857143,-1.0000000000000024,stop
SOLUSD,2024-04-19 02:00:00+00:00,2024-04-19 04:00:00+00:00,short,132.29,135.855,-0.9999999999999993,stop
SOLUSD,2024-04-19 21:00:00+00:00,2024-04-20 16:00:00+00:00,short,143.0,145.815,-1.0,stop
SOLUSD,2024-04-21 14:00:00+00:00,2024-04-22 02:00:00+00:00,short,148.97,151.04714285714286,-0.9999999999999981,stop
SOLUSD,2024-04-25 22:00:00+00:00,2024-04-26 01:00:00+00:00,short,147.13,142.5142857142857,2.0000000000000018,tp
SOLUSD,2024-04-30 02:00:00+00:00,2024-04-30 09:00:00+00:00,short,136.5,132.19857142857143,1.9999999999999962,tp
SOLUSD,2024-05-05 01:00:00+00:00,2024-05-05 13:00:00+00:00,short,145.21,146.86214285714286,-0.9999999999999926,stop
SOLUSD,2024-05-05 19:00:00+00:00,2024-05-06 02:00:00+00:00,short,146.24,147.56785714285715,-1.0,stop
SOLUSD,2024-05-06 03:00:00+00:00,2024-05-06 05:00:00+00:00,short,146.1,147.42999999999998,-0.9999999999999908,stop
SOLUSD,2024-05-09 14:00:00+00:00,2024-05-09 15:00:00+00:00,short,142.84,144.6407142857143,-1.0000000000000047,stop
SOLUSD,2024-05-12 08:00:00+00:00,2024-05-12 11:00:00+00:00,short,144.13,145.3042857142857,-0.9999999999999896,stop
SOLUSD,2024-05-13 02:00:00+00:00,2024-05-13 03:00:00+00:00,short,143.07,140.36285714285714,1.999999999999994,tp
SOLUSD,2024-05-16 16:00:00+00:00,2024-05-16 17:00:00+00:00,long,160.45,158.07071428571427,-1.0000000000000009,stop
SOLUSD,2024-05-20 03:00:00+00:00,2024-05-20 06:00:00+00:00,long,172.77,177.2214285714286,2.0000000000000036,tp
SOLUSD,2024-05-22 06:00:00+00:00,2024-05-22 09:00:00+00:00,long,181.41,179.15857142857143,-0.9999999999999964,stop
SOLUSD,2024-05-22 14:00:00+00:00,2024-05-22 19:00:00+00:00,long,179.78,177.39285714285714,-1.0,stop
SOLUSD,2024-05-23 22:00:00+00:00,2024-05-24 00:00:00+00:00,long,178.85,175.0842857142857,-1.000000000000003,stop
SOLUSD,2024-05-24 18:00:00+00:00,2024-05-25 01:00:00+00:00,long,168.56,166.08428571428573,-0.9999999999999951,stop
SOLUSD,2024-05-25 23:00:00+00:00,2024-05-26 03:00:00+00:00,long,167.9,166.65,-0.9999999999999984,stop
SOLUSD,2024-05-28 03:00:00+00:00,2024-05-28 04:00:00+00:00,long,168.73,166.52714285714285,-0.9999999999999972,stop
SOLUSD,2024-05-28 20:00:00+00:00,2024-05-29 01:00:00+00:00,long,170.24,167.8607142857143,-1.0000000000000018,stop
SOLUSD,2024-05-29 17:00:00+00:00,2024-05-29 18:00:00+00:00,long,171.4,169.245,-1.000000000000001,stop
SOLUSD,2024-05-30 14:00:00+00:00,2024-05-30 18:00:00+00:00,long,168.15,171.59285714285716,1.9999999999999978,tp
SOLUSD,2024-05-31 11:00:00+00:00,2024-05-31 13:00:00+00:00,long,167.38,169.57142857142856,1.9999999999999964,tp
SOLUSD,2024-06-03 02:00:00+00:00,2024-06-03 04:00:00+00:00,long,164.44,163.03214285714284,-1.0000000000000058,stop
SOLUSD,2024-06-03 16:00:00+00:00,2024-06-04 16:00:00+00:00,long,164.86,167.91,1.9768518518518439,timeout
SOLUSD,2024-06-06 15:00:00+00:00,2024-06-06 17:00:00+00:00,long,173.22,172.24,-0.9999999999999855,stop
SOLUSD,2024-06-12 20:00:00+00:00,2024-06-13 16:00:00+00:00,short,153.33,147.72857142857146,1.9999999999999956,tp
SOLUSD,2024-06-15 21:00:00+00:00,2024-06-15 22:00:00+00:00,short,144.26,145.18571428571428,-1.0000000000000044,stop
SOLUSD,2024-06-20 14:00:00+00:00,2024-06-21 08:00:00+00:00,short,134.9,130.83142857142857,2.000000000000002,tp
SOLUSD,2024-06-21 16:00:00+00:00,2024-06-21 20:00:00+00:00,short,131.35,133.3057142857143,-1.0000000000000062,stop
SOLUSD,2024-06-22 18:00:00+00:00,2024-06-23 01:00:00+00:00,short,133.95,134.8085714285714,-0.9999999999999977,stop
SOLUSD,2024-06-24 20:00:00+00:00,2024-06-24 22:00:00+00:00,short,127.42,129.91857142857143,-0.9999999999999971,stop
SOLUSD,2024-06-26 16:00:00+00:00,2024-06-26 21:00:00+00:00,short,136.87,138.38928571428573,-1.000000000000008,stop
SOLUSD,2024-06-29 14:00:00+00:00,2024-06-29 23:00:00+00:00,short,141.89,139.95714285714283,2.0000000000000084,tp
SOLUSD,2024-07-05 13:00:00+00:00,2024-07-05 14:00:00+00:00,short,128.81,132.81571428571428,-0.9999999999999982,stop
SOLUSD,2024-07-08 17:00:00+00:00,2024-07-08 21:00:00+00:00,short,136.53,139.95785714285714,-0.9999999999999982,stop
SOLUSD,2024-07-09 15:00:00+00:00,2024-07-09 17:00:00+00:00,short,139.0,141.27357142857142,-0.9999999999999947,stop
SOLUSD,2024-07-10 13:00:00+00:00,2024-07-11 12:00:00+00:00,short,142.08,143.96285714285716,-1.0000000000000044,stop
SOLUSD,2024-07-11 15:00:00+00:00,2024-07-11 17:00:00+00:00,short,140.79,137.5885714285714,2.0000000000000075,tp
SOLUSD,2024-07-23 15:00:00+00:00,2024-07-23 16:00:00+00:00,long,178.26,175.88214285714284,-1.0000000000000018,stop
SOLUSD,2024-07-25 22:00:00+00:00,2024-07-26 09:00:00+00:00,long,171.87,177.95142857142858,2.0000000000000013,tp
SOLUSD,2024-07-27 22:00:00+00:00,2024-07-28 00:00:00+00:00,long,185.96,183.42928571428573,-0.9999999999999976,stop
SOLUSD,2024-07-28 01:00:00+00:00,2024-07-28 05:00:00+00:00,long,184.92,182.15571428571428,-0.9999999999999963,stop
SOLUSD,2024-07-29 00:00:00+00:00,2024-07-29 01:00:00+00:00,long,184.91,188.1742857142857,1.9999999999999976,tp
SOLUSD,2024-07-31 14:00:00+00:00,2024-07-31 15:00:00+00:00,long,182.57,180.5742857142857,-1.0,stop
SOLUSD,2024-08-02 14:00:00+00:00,2024-08-02 15:00:00+00:00,long,165.96,163.31285714285715,-1.0,stop
SOLUSD,2024-08-07 15:00:00+00:00,2024-08-08 02:00:00+00:00,short,147.12,150.37428571428572,-1.0,stop
SOLUSD,2024-08-10 01:00:00+00:00,2024-08-11 01:00:00+00:00,short,154.91,154.75,0.0571428571428559,timeout
SOLUSD,2024-08-11 12:00:00+00:00,2024-08-11 13:00:00+00:00,short,153.73,151.03571428571428,2.000000000000009,tp
SOLUSD,2024-08-12 14:00:00+00:00,2024-08-12 15:00:00+00:00,short,144.36,147.09428571428572,-0.9999999999999957,stop
SOLUSD,2024-08-14 17:00:00+00:00,2024-08-15 17:00:00+00:00,short,144.98,147.22,-1.0000000000000009,stop
SOLUSD,2024-08-15 18:00:00+00:00,2024-08-15 19:00:00+00:00,short,143.29,139.23142857142855,2.000000000000002,tp
SOLUSD,2024-08-16 00:00:00+00:00,2024-08-16 16:00:00+00:00,short,142.57,137.40285714285713,2.0000000000000018,tp
SOLUSD,2024-08-19 14:00:00+00:00,2024-08-19 15:00:00+00:00,short,142.76,144.2057142857143,-1.0000000000000098,stop
SOLUSD,2024-08-20 15:00:00+00:00,2024-08-20 19:00:00+00:00,short,142.56,143.99642857142857,-0.9999999999999942,stop
SOLUSD,2024-08-23 12:00:00+00:00,2024-08-23 13:00:00+00:00,short,143.49,144.425,-1.0000000000000044,stop
SOLUSD,2024-08-23 15:00:00+00:00,2024-08-23 16:00:00+00:00,short,143.55,144.73785714285717,-1.0000000000000102,stop
SOLUSD,2024-08-29 17:00:00+00:00,2024-08-29 19:00:00+00:00,short,144.21,141.68428571428572,2.0,tp
SOLUSD,2024-09-01 23:00:00+00:00,2024-09-02 10:00:00+00:00,short,129.11,131.31857142857143,-0.9999999999999963,stop
SOLUSD,2024-09-03 07:00:00+00:00,2024-09-03 13:00:00+00:00,short,133.71,135.00214285714287,-1.000000000000011,stop
SOLUSD,2024-09-03 14:00:00+00:00,2024-09-04 00:00:00+00:00,short,131.52,128.74285714285716,2.0,tp
SOLUSD,2024-09-05 15:00:00+00:00,2024-09-05 20:00:00+00:00,short,131.9,128.42428571428573,1.9999999999999978,tp
SOLUSD,2024-09-06 15:00:00+00:00,2024-09-06 19:00:00+00:00,short,129.09,125.31714285714287,1.9999999999999967,tp
SOLUSD,2024-09-07 18:00:00+00:00,2024-09-07 19:00:00+00:00,short,126.78,127.83928571428572,-1.0000000000000049,stop
SOLUSD,2024-09-09 15:00:00+00:00,2024-09-09 16:00:00+00:00,short,127.17,128.5257142857143,-1.0,stop
SOLUSD,2024-09-11 02:00:00+00:00,2024-09-11 11:00:00+00:00,short,133.39,130.41285714285712,2.0000000000000027,tp
SOLUSD,2024-09-12 16:00:00+00:00,2024-09-12 17:00:00+00:00,short,133.54,134.6942857142857,-1.0000000000000018,stop
SOLUSD,2024-09-15 05:00:00+00:00,2024-09-15 12:00:00+00:00,short,137.03,135.71142857142857,1.999999999999994,tp
SOLUSD,2024-09-16 15:00:00+00:00,2024-09-16 16:00:00+00:00,short,130.37,131.51714285714286,-0.9999999999999966,stop
SOLUSD,2024-09-17 14:00:00+00:00,2024-09-17 15:00:00+00:00,short,131.15,132.1914285714286,-1.0000000000000118,stop
SOLUSD,2024-09-17 20:00:00+00:00,2024-09-18 11:00:00+00:00,short,132.26,129.12714285714284,2.0000000000000075,tp
SOLUSD,2024-09-18 20:00:00+00:00,2024-09-18 22:00:00+00:00,short,129.48,131.06214285714285,-0.9999999999999988,stop
SOLUSD,2024-09-22 23:00:00+00:00,2024-09-23 01:00:00+00:00,long,145.43,143.69857142857143,-1.000000000000007,stop
SOLUSD,2024-09-23 23:00:00+00:00,2024-09-24 08:00:00+00:00,long,144.41,147.15571428571428,1.9999999999999971,tp
SOLUSD,2024-09-28 15:00:00+00:00,2024-09-28 16:00:00+00:00,long,157.99,156.91714285714286,-1.0,stop
SOLUSD,2024-09-29 02:00:00+00:00,2024-09-29 05:00:00+00:00,long,157.97,157.02357142857142,-1.0000000000000064,stop
SOLUSD,2024-09-29 14:00:00+00:00,2024-09-29 21:00:00+00:00,long,157.37,159.78285714285715,1.9999999999999967,tp
SOLUSD,2024-09-30 13:00:00+00:00,2024-09-30 16:00:00+00:00,long,156.75,155.1707142857143,-0.9999999999999922,stop
SOLUSD,2024-10-01 05:00:00+00:00,2024-10-01 14:00:00+00:00,long,155.71,154.02357142857144,-0.9999999999999964,stop
SOLUSD,2024-10-02 16:00:00+00:00,2024-10-02 18:00:00+00:00,long,147.48,145.63071428571428,-1.0000000000000022,stop
SOLUSD,2024-10-07 12:00:00+00:00,2024-10-07 15:00:00+00:00,long,147.3,150.38714285714286,1.9999999999999973,tp
SOLUSD,2024-10-10 13:00:00+00:00,2024-10-10 14:00:00+00:00,short,138.81,139.99285714285713,-0.9999999999999913,stop
SOLUSD,2024-10-13 21:00:00+00:00,2024-10-13 23:00:00+00:00,long,146.29,148.53714285714284,1.9999999999999893,tp
SOLUSD,2024-10-15 14:00:00+00:00,2024-10-15 15:00:00+00:00,long,158.49,156.66214285714287,-0.9999999999999956,stop
SOLUSD,2024-10-15 17:00:00+00:00,2024-10-16 17:00:00+00:00,long,154.91,155.29,0.14278046162103944,timeout
SOLUSD,2024-10-20 15:00:00+00:00,2024-10-20 16:00:00+00:00,long,160.75,159.62,-0.9999999999999947,stop
SOLUSD,2024-10-22 12:00:00+00:00,2024-10-22 13:00:00+00:00,long,167.73,165.75714285714284,-1.000000000000003,stop
SOLUSD,2024-10-22 15:00:00+00:00,2024-10-22 16:00:00+00:00,long,170.06,167.76928571428573,-0.9999999999999938,stop
SOLUSD,2024-10-22 18:00:00+00:00,2024-10-23 04:00:00+00:00,long,167.14,164.71285714285713,-0.9999999999999991,stop
SOLUSD,2024-10-23 19:00:00+00:00,2024-10-23 21:00:00+00:00,long,169.47,173.94,2.0000000000000018,tp
SOLUSD,2024-10-25 14:00:00+00:00,2024-10-25 16:00:00+00:00,long,175.12,173.37071428571429,-1.0000000000000022,stop
SOLUSD,2024-10-28 04:00:00+00:00,2024-10-28 05:00:00+00:00,long,175.52,174.06214285714287,-0.9999999999999972,stop
SOLUSD,2024-10-29 14:00:00+00:00,2024-10-29 17:00:00+00:00,long,179.71,183.05285714285716,1.9999999999999976,tp
SOLUSD,2024-11-01 13:00:00+00:00,2024-11-01 14:00:00+00:00,long,169.52,172.5057142857143,2.0000000000000053,tp
SOLUSD,2024-11-02 21:00:00+00:00,2024-11-03 01:00:00+00:00,long,166.63,165.16357142857143,-0.9999999999999959,stop
SOLUSD,2024-11-03 21:00:00+00:00,2024-11-04 01:00:00+00:00,long,162.71,160.65785714285715,-0.999999999999998,stop
SOLUSD,2024-11-04 16:00:00+00:00,2024-11-04 17:00:00+00:00,long,162.97,161.2135714285714,-1.000000000000008,stop
SOLUSD,2024-11-08 18:00:00+00:00,2024-11-09 18:00:00+00:00,long,199.32,196.275,-0.9999999999999967,stop
SOLUSD,2024-11-09 23:00:00+00:00,2024-11-10 03:00:00+00:00,long,200.12,204.38285714285715,1.999999999999998,tp
SOLUSD,2024-11-10 22:00:00+00:00,2024-11-11 11:00:00+00:00,long,207.4,216.22285714285715,2.000000000000001,tp
SOLUSD,2024-11-13 14:00:00+00:00,2024-11-13 21:00:00+00:00,long,212.88,208.69857142857143,-0.9999999999999986,stop
SOLUSD,2024-11-14 17:00:00+00:00,2024-11-14 21:00:00+00:00,long,217.08,212.53285714285715,-1.0000000000000013,stop
SOLUSD,2024-11-15 20:00:00+00:00,2024-11-15 22:00:00+00:00,long,212.43,217.97714285714287,2.0,tp
SOLUSD,2024-11-16 22:00:00+00:00,2024-11-16 23:00:00+00:00,long,217.12,214.50357142857143,-1.0000000000000016,stop
SOLUSD,2024-11-17 01:00:00+00:00,2024-11-17 02:00:00+00:00,long,217.68,214.85214285714287,-1.0,stop
SOLUSD,2024-11-17 04:00:00+00:00,2024-11-17 05:00:00+00:00,long,221.46,227.89000000000001,2.000000000000004,tp
SOLUSD,2024-11-18 15:00:00+00:00,2024-11-18 19:00:00+00:00,long,241.72,237.27928571428572,-0.9999999999999982,stop
SOLUSD,2024-11-19 17:00:00+00:00,2024-11-19 21:00:00+00:00,long,242.27,239.4964285714286,-0.9999999999999963,stop
SOLUSD,2024-11-20 22:00:00+00:00,2024-11-21 03:00:00+00:00,long,236.75,233.20785714285714,-1.000000000000001,stop
SOLUSD,2024-11-21 05:00:00+00:00,2024-11-21 15:00:00+00:00,long,240.54,248.8,2.000000000000001,tp
SOLUSD,2024-11-22 16:00:00+00:00,2024-11-22 19:00:00+00:00,long,256.65,253.01999999999998,-0.9999999999999993,stop
SOLUSD,2024-11-22 22:00:00+00:00,2024-11-23 03:00:00+00:00,long,257.56,254.26285714285714,-1.0,stop
SOLUSD,2024-11-29 19:00:00+00:00,2024-11-30 02:00:00+00:00,long,242.16,239.50142857142856,-1.0000000000000024,stop
SOLUSD,2024-12-01 23:00:00+00:00,2024-12-02 01:00:00+00:00,long,238.38,236.47285714285715,-0.9999999999999936,stop
SOLUSD,2024-12-02 02:00:00+00:00,2024-12-02 03:00:00+00:00,long,237.92,235.75714285714284,-1.0000000000000038,stop
SOLUSD,2024-12-04 16:00:00+00:00,2024-12-04 17:00:00+00:00,long,234.03,231.00714285714287,-0.9999999999999967,stop
SOLUSD,2024-12-04 20:00:00+00:00,2024-12-04 23:00:00+00:00,long,233.1,229.58285714285714,-1.0,stop
SOLUSD,2024-12-05 03:00:00+00:00,2024-12-05 12:00:00+00:00,long,231.72,241.33714285714285,1.9999999999999982,tp
SOLUSD,2024-12-06 00:00:00+00:00,2024-12-06 02:00:00+00:00,long,236.13,245.21714285714287,2.0000000000000018,tp
SOLUSD,2024-12-08 03:00:00+00:00,2024-12-08 06:00:00+00:00,long,241.39,238.50642857142856,-0.9999999999999987,stop
SOLUSD,2024-12-16 00:00:00+00:00,2024-12-16 03:00:00+00:00,long,224.2,221.92999999999998,-1.0000000000000044,stop
SOLUSD,2024-12-18 20:00:00+00:00,2024-12-18 21:00:00+00:00,short,211.58,206.07714285714286,2.000000000000003,tp
SOLUSD,2024-12-22 15:00:00+00:00,2024-12-22 16:00:00+00:00,short,179.03,181.96785714285716,-1.000000000000004,stop
SOLUSD,2024-12-23 16:00:00+00:00,2024-12-23 17:00:00+00:00,short,180.64,183.97785714285715,-1.0000000000000042,stop
SOLUSD,2024-12-25 22:00:00+00:00,2024-12-26 01:00:00+00:00,short,196.25,198.40571428571428,-0.9999999999999981,stop
SOLUSD,2024-12-27 08:00:00+00:00,2024-12-27 09:00:00+00:00,short,186.42,188.67142857142855,-0.9999999999999954,stop
SOLUSD,2024-12-29 15:00:00+00:00,2024-12-29 16:00:00+00:00,short,193.6,195.2742857142857,-0.9999999999999939,stop
SOLUSD,2024-12-29 17:00:00+00:00,2024-12-29 23:00:00+00:00,short,192.53,188.96142857142857,2.000000000000002,tp
SOLUSD,2024-12-30 03:00:00+00:00,2024-12-30 13:00:00+00:00,short,191.88,194.28357142857143,-1.0000000000000033,stop
SOLUSD,2024-12-30 14:00:00+00:00,2024-12-30 18:00:00+00:00,short,188.74,191.29357142857145,-1.0000000000000056,stop
SOLUSD,2024-12-30 22:00:00+00:00,2024-12-31 09:00:00+00:00,short,189.13,192.135,-0.9999999999999992,stop
SOLUSD,2025-01-10 14:00:00+00:00,2025-01-10 15:00:00+00:00,short,186.46,188.68428571428572,-1.0,stop
SOLUSD,2025-01-10 21:00:00+00:00,2025-01-11 21:00:00+00:00,short,187.43,190.67285714285714,-0.9999999999999969,stop
SOLUSD,2025-01-13 02:00:00+00:00,2025-01-13 06:00:00+00:00,short,187.32,183.4414285714286,1.9999999999999958,tp
SOLUSD,2025-01-21 17:00:00+00:00,2025-01-21 19:00:00+00:00,long,243.66,255.16142857142856,2.0000000000000004,tp
SOLUSD,2025-01-22 20:00:00+00:00,2025-01-22 23:00:00+00:00,long,265.23,259.97571428571433,-0.9999999999999973,stop
SOLUSD,2025-01-23 15:00:00+00:00,2025-01-23 16:00:00+00:00,long,251.46,246.89857142857144,-0.9999999999999987,stop
SOLUSD,2025-01-23 17:00:00+00:00,2025-01-23 20:00:00+00:00,long,250.36,245.53285714285715,-1.0000000000000013,stop
SOLUSD,2025-01-23 21:00:00+00:00,2025-01-23 22:00:00+00:00,long,250.9,245.21928571428572,-1.0,stop
SOLUSD,2025-01-25 16:00:00+00:00,2025-01-25 19:00:00+00:00,long,253.67,258.73571428571427,1.999999999999997,tp
SOLUSD,2025-01-26 18:00:00+00:00,2025-01-26 21:00:00+00:00,long,256.18,253.88857142857142,-1.0000000000000062,stop
SOLUSD,2025-01-27 15:00:00+00:00,2025-01-27 17:00:00+00:00,long,237.04,231.39,-1.0000000000000002,stop
SOLUSD,2025-01-28 16:00:00+00:00,2025-01-28 17:00:00+00:00,long,237.47,234.12214285714285,-1.000000000000003,stop
SOLUSD,2025-01-29 07:00:00+00:00,2025-01-29 11:00:00+00:00,long,233.74,230.68642857142856,-1.0000000000000047,stop
SOLUSD,2025-01-29 19:00:00+00:00,2025-01-29 20:00:00+00:00,long,230.93,228.15428571428572,-0.9999999999999986,stop
SOLUSD,2025-01-31 16:00:00+00:00,2025-01-31 17:00:00+00:00,long,240.13,237.66214285714284,-1.0000000000000042,stop
SOLUSD,2025-02-04 20:00:00+00:00,2025-02-05 17:00:00+00:00,short,208.45,199.1185714285714,1.999999999999998,tp
SOLUSD,2025-02-07 18:00:00+00:00,2025-02-07 21:00:00+00:00,short,196.53,189.92285714285714,2.000000000000002,tp
SOLUSD,2025-02-08 16:00:00+00:00,2025-02-08 17:00:00+00:00,short,193.38,195.41642857142855,-0.9999999999999941,stop
SOLUSD,2025-02-09 14:00:00+00:00,2025-02-09 15:00:00+00:00,short,197.06,199.37071428571429,-0.999999999999999,stop
SOLUSD,2025-02-10 02:00:00+00:00,2025-02-10 04:00:00+00:00,short,198.42,202.08714285714285,-1.0000000000000029,stop
SOLUSD,2025-02-13 20:00:00+00:00,2025-02-13 21:00:00+00:00,short,192.69,194.72071428571428,-0.9999999999999989,stop
SOLUSD,2025-02-14 23:00:00+00:00,2025-02-15 15:00:00+00:00,short,199.44,193.7485714285714,2.0000000000000044,tp
SOLUSD,2025-02-16 08:00:00+00:00,2025-02-16 15:00:00+00:00,short,192.95,189.96142857142857,1.9999999999999973,tp
SOLUSD,2025-02-19 19:00:00+00:00,2025-02-20 03:00:00+00:00,short,169.67,172.17285714285714,-1.0000000000000058,stop
SOLUSD,2025-02-20 16:00:00+00:00,2025-02-20 19:00:00+00:00,short,171.61,173.705,-1.0,stop
SOLUSD,2025-02-21 16:00:00+00:00,2025-02-21 22:00:00+00:00,short,173.18,167.81571428571428,2.000000000000003,tp
SOLUSD,2025-02-27 15:00:00+00:00,2025-02-27 16:00:00+00:00,short,137.12,139.5692857142857,-0.9999999999999991,stop
SOLUSD,2025-02-27 17:00:00+00:00,2025-02-27 19:00:00+00:00,short,136.88,139.43714285714285,-0.9999999999999991,stop
SOLUSD,2025-03-03 15:00:00+00:00,2025-03-03 16:00:00+00:00,short,154.99,159.23714285714286,-0.9999999999999971,stop
SOLUSD,2025-03-05 14:00:00+00:00,2025-03-05 23:00:00+00:00,short,143.82,146.48642857142858,-1.0000000000000053,stop
SOLUSD,2025-03-06 14:00:00+00:00,2025-03-06 16:00:00+00:00,short,146.72,149.37285714285713,-0.9999999999999954,stop
SOLUSD,2025-03-07 17:00:00+00:00,2025-03-07 19:00:00+00:00,short,142.31,144.96428571428572,-1.000000000000003,stop
SOLUSD,2025-03-07 22:00:00+00:00,2025-03-08 22:00:00+00:00,short,142.61,137.32,1.4187739463601583,timeout
SOLUSD,2025-03-10 14:00:00+00:00,2025-03-10 18:00:00+00:00,short,124.99,119.88,2.000000000000001,tp
SOLUSD,2025-03-11 15:00:00+00:00,2025-03-11 16:00:00+00:00,short,119.84,122.34214285714286,-1.0000000000000004,stop
SOLUSD,2025-03-12 16:00:00+00:00,2025-03-12 22:00:00+00:00,short,124.51,126.88642857142858,-1.0000000000000027,stop
SOLUSD,2025-03-13 14:00:00+00:00,2025-03-14 10:00:00+00:00,short,124.17,126.05571428571429,-1.0000000000000016,stop
SOLUSD,2025-03-16 03:00:00+00:00,2025-03-16 04:00:00+00:00,short,134.29,135.55285714285714,-0.9999999999999952,stop
SOLUSD,2025-03-16 08:00:00+00:00,2025-03-16 12:00:00+00:00,short,134.65,132.4142857142857,2.0000000000000036,tp
SOLUSD,2025-03-17 13:00:00+00:00,2025-03-17 19:00:00+00:00,short,127.53,128.86857142857144,-1.0000000000000044,stop
SOLUSD,2025-03-20 11:00:00+00:00,2025-03-20 15:00:00+00:00,short,130.41,131.86285714285714,-1.0,stop
SOLUSD,2025-03-23 18:00:00+00:00,2025-03-24 00:00:00+00:00,short,131.26,132.28,-1.00000000000001,stop
SOLUSD,2025-03-27 16:00:00+00:00,2025-03-27 20:00:00+00:00,short,137.76,139.33357142857142,-0.9999999999999948,stop
SOLUSD,2025-03-31 04:00:00+00:00,2025-03-31 06:00:00+00:00,short,124.57,126.51214285714285,-0.9999999999999984,stop
SOLUSD,2025-03-31 18:00:00+00:00,2025-03-31 19:00:00+00:00,short,124.11,125.91857142857143,-0.9999999999999993,stop
SOLUSD,2025-04-01 00:00:00+00:00,2025-04-01 03:00:00+00:00,short,124.51,126.2207142857143,-1.0000000000000024,stop
SOLUSD,2025-04-01 19:00:00+00:00,2025-04-02 16:00:00+00:00,short,126.49,128.23857142857142,-0.9999999999999971,stop
SOLUSD,2025-04-02 22:00:00+00:00,2025-04-02 23:00:00+00:00,short,125.33,120.40285714285714,1.9999999999999982,tp
SOLUSD,2025-04-04 11:00:00+00:00,2025-04-04 14:00:00+00:00,short,115.02,116.61785714285713,-0.9999999999999962,stop
SOLUSD,2025-04-08 15:00:00+00:00,2025-04-08 18:00:00+00:00,short,107.81,103.54714285714286,2.000000000000001,tp
SOLUSD,2025-04-09 12:00:00+00:00,2025-04-09 14:00:00+00:00,short,103.35,105.47999999999999,-0.9999999999999981,stop
SOLUSD,2025-04-21 15:00:00+00:00,2025-04-21 16:00:00+00:00,long,139.75,138.19785714285715,-1.0,stop
SOLUSD,2025-04-22 02:00:00+00:00,2025-04-22 14:00:00+00:00,long,139.13,142.9557142857143,2.000000000000006,tp
SOLUSD,2025-04-24 13:00:00+00:00,2025-04-24 17:00:00+00:00,long,148.59,151.57857142857142,2.0,tp
SOLUSD,2025-04-27 01:00:00+00:00,2025-04-27 02:00:00+00:00,long,149.74,148.775,-1.0000000000000062,stop
SOLUSD,2025-04-27 14:00:00+00:00,2025-04-28 01:00:00+00:00,long,149.12,147.6614285714286,-0.999999999999993,stop
SOLUSD,2025-04-28 04:00:00+00:00,2025-04-28 08:00:00+00:00,long,148.44,151.47714285714287,2.0000000000000053,tp
SOLUSD,2025-04-29 15:00:00+00:00,2025-04-29 22:00:00+00:00,long,148.31,146.99928571428572,-0.9999999999999954,stop
SOLUSD,2025-04-30 04:00:00+00:00,2025-04-30 08:00:00+00:00,long,148.22,146.53214285714284,-1.000000000000006,stop
SOLUSD,2025-04-30 19:00:00+00:00,2025-05-01 02:00:00+00:00,long,145.58,149.0357142857143,2.0000000000000044,tp
SOLUSD,2025-05-05 05:00:00+00:00,2025-05-05 11:00:00+00:00,long,146.32,144.92499999999998,-1.0000000000000087,stop
SOLUSD,2025-05-06 19:00:00+00:00,2025-05-07 01:00:00+00:00,long,144.85,147.63285714285715,2.0000000000000084,tp
SOLUSD,2025-05-07 19:00:00+00:00,2025-05-07 20:00:00+00:00,long,146.64,145.50428571428571,-0.999999999999991,stop
SOLUSD,2025-05-15 17:00:00+00:00,2025-05-15 19:00:00+00:00,long,174.01,171.25214285714284,-1.0000000000000016,stop
SOLUSD,2025-05-16 16:00:00+00:00,2025-05-16 17:00:00+00:00,long,172.17,170.2942857142857,-0.9999999999999968,stop
SOLUSD,2025-05-17 21:00:00+00:00,2025-05-17 23:00:00+00:00,long,167.57,165.815,-0.9999999999999977,stop
SOLUSD,2025-05-18 01:00:00+00:00,2025-05-18 09:00:00+00:00,long,167.3,170.80285714285716,2.0000000000000067,tp
SOLUSD,2025-05-19 00:00:00+00:00,2025-05-19 01:00:00+00:00,long,173.39,170.7,-0.999999999999997,stop
SOLUSD,2025-05-19 17:00:00+00:00,2025-05-20 02:00:00+00:00,long,165.74,170.51714285714286,1.9999999999999982,tp
SOLUSD,2025-05-20 18:00:00+00:00,2025-05-20 19:00:00+00:00,long,167.96,166.15214285714288,-0.9999999999999943,stop
SOLUSD,2025-05-20 20:00:00+00:00,2025-05-21 15:00:00+00:00,long,168.26,172.51714285714286,2.0000000000000058,tp
SOLUSD,2025-05-21 20:00:00+00:00,2025-05-22 04:00:00+00:00,long,171.26,177.0085714285714,1.9999999999999958,tp
SOLUSD,2025-05-23 15:00:00+00:00,2025-05-23 19:00:00+00:00,long,182.27,178.775,-1.0000000000000022,stop
SOLUSD,2025-05-25 23:00:00+00:00,2025-05-26 07:00:00+00:00,long,174.95,178.16571428571427,2.000000000000005,tp
SOLUSD,2025-05-29 01:00:00+00:00,2025-05-29 05:00:00+00:00,long,173.69,172.02928571428572,-0.999999999999995,stop
SOLUSD,2025-06-03 21:00:00+00:00,2025-06-04 21:00:00+00:00,short,157.8,154.19714285714286,2.000000000000002,tp
SOLUSD,2025-06-05 14:00:00+00:00,2025-06-05 20:00:00+00:00,short,150.44,147.40428571428572,1.9999999999999947,tp
SOLUSD,2025-06-20 15:00:00+00:00,2025-06-20 18:00:00+00:00,short,144.0,141.31571428571428,1.9999999999999971,tp
SOLUSD,2025-06-23 16:00:00+00:00,2025-06-23 18:00:00+00:00,short,133.48,135.07,-1.0000000000000038,stop
SOLUSD,2025-06-25 15:00:00+00:00,2025-06-25 17:00:00+00:00,short,145.73,143.01285714285714,1.9999999999999971,tp
SOLUSD,2025-06-27 18:00:00+00:00,2025-06-27 22:00:00+00:00,short,141.62,143.26285714285714,-0.9999999999999976,stop
SOLUSD,2025-06-28 01:00:00+00:00,2025-06-28 03:00:00+00:00,short,141.83,143.34,-0.9999999999999932,stop
SOLUSD,2025-07-05 14:00:00+00:00,2025-07-05 17:00:00+00:00,short,148.03,146.38285714285715,1.9999999999999951,tp
SOLUSD,2025-07-06 02:00:00+00:00,2025-07-06 07:00:00+00:00,short,147.3,148.0857142857143,-0.9999999999999871,stop
SOLUSD,2025-07-10 17:00:00+00:00,2025-07-10 18:00:00+00:00,long,158.5,160.8957142857143,1.9999999999999967,tp
SOLUSD,2025-07-11 18:00:00+00:00,2025-07-11 22:00:00+00:00,long,164.54,162.5585714285714,-1.0000000000000042,stop
SOLUSD,2025-07-13 01:00:00+00:00,2025-07-13 15:00:00+00:00,long,160.96,164.0757142857143,2.0000000000000027,tp
SOLUSD,2025-07-13 18:00:00+00:00,2025-07-13 22:00:00+00:00,long,162.73,161.5035714285714,-1.0000000000000084,stop
SOLUSD,2025-07-15 14:00:00+00:00,2025-07-15 15:00:00+00:00,long,161.23,159.5885714285714,-1.000000000000005,stop
SOLUSD,2025-07-15 17:00:00+00:00,2025-07-16 01:00:00+00:00,long,160.94,164.80571428571426,1.9999999999999938,tp
SOLUSD,2025-07-17 18:00:00+00:00,2025-07-17 21:00:00+00:00,long,174.3,171.7607142857143,-0.9999999999999991,stop
SOLUSD,2025-07-17 22:00:00+00:00,2025-07-18 02:00:00+00:00,long,175.6,180.73285714285714,2.0000000000000018,tp
SOLUSD,2025-07-19 04:00:00+00:00,2025-07-19 15:00:00+00:00,long,177.57,175.0935714285714,-1.0000000000000058,stop
SOLUSD,2025-07-19 20:00:00+00:00,2025-07-19 22:00:00+00:00,long,177.13,175.5,-0.9999999999999976,stop
SOLUSD,2025-07-20 00:00:00+00:00,2025-07-20 09:00:00+00:00,long,177.05,180.46285714285716,2.000000000000007,tp
SOLUSD,2025-07-21 03:00:00+00:00,2025-07-21 07:00:00+00:00,long,184.42,189.2742857142857,2.0000000000000018,tp
SOLUSD,2025-07-24 15:00:00+00:00,2025-07-24 17:00:00+00:00,long,189.66,186.21785714285713,-1.0000000000000022,stop
SOLUSD,2025-07-24 18:00:00+00:00,2025-07-24 23:00:00+00:00,long,188.87,184.96857142857144,-0.9999999999999984,stop
SOLUSD,2025-07-27 17:00:00+00:00,2025-07-27 18:00:00+00:00,long,187.68,186.14714285714288,-0.999999999999992,stop
SOLUSD,2025-07-30 15:00:00+00:00,2025-07-30 19:00:00+00:00,long,180.12,178.18714285714287,-0.9999999999999947,stop
SOLUSD,2025-08-11 02:00:00+00:00,2025-08-11 11:00:00+00:00,long,183.72,182.01714285714286,-0.9999999999999988,stop
SOLUSD,2025-08-12 13:00:00+00:00,2025-08-12 14:00:00+00:00,long,177.96,176.39714285714285,-1.0000000000000038,stop
SOLUSD,2025-08-16 15:00:00+00:00,2025-08-17 05:00:00+00:00,long,188.92,192.52571428571426,1.9999999999999933,tp
SOLUSD,2025-08-17 23:00:00+00:00,2025-08-18 00:00:00+00:00,long,193.21,191.36785714285716,-0.9999999999999956,stop
SOLUSD,2025-08-18 18:00:00+00:00,2025-08-18 21:00:00+00:00,long,184.75,182.68214285714285,-1.000000000000003,stop
SOLUSD,2025-08-20 15:00:00+00:00,2025-08-20 18:00:00+00:00,long,181.35,185.52142857142857,2.0000000000000058,tp
SOLUSD,2025-08-22 03:00:00+00:00,2025-08-22 12:00:00+00:00,long,182.57,180.48857142857142,-1.000000000000001,stop
SOLUSD,2025-08-22 15:00:00+00:00,2025-08-22 17:00:00+00:00,long,191.66,197.02571428571426,1.9999999999999953,tp
SOLUSD,2025-08-25 00:00:00+00:00,2025-08-25 01:00:00+00:00,long,205.96,202.52357142857144,-0.9999999999999977,stop
SOLUSD,2025-08-26 13:00:00+00:00,2025-08-26 14:00:00+00:00,long,190.51,188.13642857142855,-1.0000000000000027,stop
SOLUSD,2025-08-26 15:00:00+00:00,2025-08-26 20:00:00+00:00,long,191.52,196.51000000000002,1.9999999999999982,tp
SOLUSD,2025-08-28 21:00:00+00:00,2025-08-29 08:00:00+00:00,long,213.22,209.56785714285715,-0.9999999999999983,stop
SOLUSD,2025-08-29 13:00:00+00:00,2025-08-29 14:00:00+00:00,long,211.89,208.37642857142856,-0.9999999999999971,stop
SOLUSD,2025-08-31 00:00:00+00:00,2025-08-31 02:00:00+00:00,long,202.74,206.29285714285714,1.9999999999999956,tp
SOLUSD,2025-09-01 08:00:00+00:00,2025-09-01 11:00:00+00:00,long,202.93,200.48785714285714,-1.0000000000000033,stop
SOLUSD,2025-09-02 02:00:00+00:00,2025-09-02 06:00:00+00:00,long,199.24,203.4742857142857,2.0,tp
SOLUSD,2025-09-02 14:00:00+00:00,2025-09-02 16:00:00+00:00,long,204.04,201.5792857142857,-1.0000000000000024,stop
SOLUSD,2025-09-02 18:00:00+00:00,2025-09-03 01:00:00+00:00,long,204.77,210.2957142857143,2.0,tp
SOLUSD,2025-09-03 23:00:00+00:00,2025-09-04 03:00:00+00:00,long,209.96,208.0364285714286,-0.9999999999999958,stop
SOLUSD,2025-09-05 20:00:00+00:00,2025-09-05 23:00:00+00:00,long,205.4,202.84214285714287,-0.999999999999996,stop
SOLUSD,2025-09-07 02:00:00+00:00,2025-09-07 16:00:00+00:00,long,202.71,205.25428571428571,1.9999999999999938,tp
SOLUSD,2025-09-07 20:00:00+00:00,2025-09-07 23:00:00+00:00,long,203.07,205.32571428571427,2.0000000000000036,tp
SOLUSD,2025-09-09 19:00:00+00:00,2025-09-10 08:00:00+00:00,long,216.39,220.87714285714284,2.0000000000000018,tp
SOLUSD,2025-09-13 23:00:00+00:00,2025-09-14 02:00:00+00:00,long,242.03,246.16714285714286,2.000000000000002,tp
SOLUSD,2025-09-16 16:00:00+00:00,2025-09-17 04:00:00+00:00,long,237.79,235.61214285714286,-0.9999999999999963,stop
SOLUSD,2025-09-17 20:00:00+00:00,2025-09-17 22:00:00+00:00,long,238.81,236.12714285714287,-0.9999999999999947,stop
SOLUSD,2025-09-23 17:00:00+00:00,2025-09-23 18:00:00+00:00,long,220.51,217.86785714285713,-1.0000000000000024,stop
SOLUSD,2025-09-27 18:00:00+00:00,2025-09-27 22:00:00+00:00,short,201.95,203.37857142857143,-1.0000000000000084,stop
SOLUSD,2025-09-28 02:00:00+00:00,2025-09-28 13:00:00+00:00,short,201.25,198.20857142857142,2.000000000000008,tp
SOLUSD,2025-09-30 23:00:00+00:00,2025-10-01 02:00:00+00:00,short,208.12,210.46785714285716,-1.0000000000000027,stop
SOLUSD,2025-10-01 04:00:00+00:00,2025-10-01 05:00:00+00:00,short,206.74,209.24571428571429,-0.9999999999999959,stop
SOLUSD,2025-10-03 15:00:00+00:00,2025-10-03 17:00:00+00:00,long,230.67,235.24714285714285,2.0,tp
SOLUSD,2025-10-03 19:00:00+00:00,2025-10-04 02:00:00+00:00,long,233.78,230.815,-1.0000000000000013,stop
SOLUSD,2025-10-05 03:00:00+00:00,2025-10-05 05:00:00+00:00,long,231.19,234.70857142857142,1.9999999999999956,tp
SOLUSD,2025-10-06 02:00:00+00:00,2025-10-06 16:00:00+00:00,long,231.56,236.05857142857144,2.0000000000000053,tp
SOLUSD,2025-10-08 17:00:00+00:00,2025-10-08 19:00:00+00:00,long,223.63,228.58714285714285,1.9999999999999982,tp
SOLUSD,2025-10-13 15:00:00+00:00,2025-10-13 16:00:00+00:00,short,193.56,197.01,-0.9999999999999982,stop
SOLUSD,2025-10-14 05:00:00+00:00,2025-10-14 07:00:00+00:00,short,202.25,196.24285714285716,1.9999999999999958,tp
SOLUSD,2025-10-14 20:00:00+00:00,2025-10-15 01:00:00+00:00,short,198.55,203.64857142857144,-1.0000000000000009,stop
SOLUSD,2025-10-15 14:00:00+00:00,2025-10-15 15:00:00+00:00,short,201.29,204.3135714285714,-0.999999999999996,stop
SOLUSD,2025-10-16 15:00:00+00:00,2025-10-16 16:00:00+00:00,short,194.14,187.97857142857143,1.9999999999999987,tp
SOLUSD,2025-10-18 17:00:00+00:00,2025-10-18 18:00:00+00:00,short,184.31,186.0742857142857,-0.9999999999999953,stop
SOLUSD,2025-10-19 01:00:00+00:00,2025-10-19 06:00:00+00:00,short,185.83,187.38500000000002,-1.0000000000000053,stop
SOLUSD,2025-10-20 00:00:00+00:00,2025-10-20 01:00:00+00:00,short,187.94,184.2242857142857,2.0,tp
SOLUSD,2025-10-20 16:00:00+00:00,2025-10-20 18:00:00+00:00,short,190.56,186.4,2.000000000000002,tp
SOLUSD,2025-10-21 00:00:00+00:00,2025-10-21 03:00:00+00:00,short,189.79,185.70142857142858,1.9999999999999978,tp
SOLUSD,2025-10-21 23:00:00+00:00,2025-10-22 15:00:00+00:00,short,188.61,181.99714285714288,1.9999999999999962,tp
SOLUSD,2025-10-24 15:00:00+00:00,2025-10-24 20:00:00+00:00,short,190.24,192.29928571428573,-1.0000000000000038,stop
SOLUSD,2025-10-26 02:00:00+00:00,2025-10-26 09:00:00+00:00,short,192.91,194.3307142857143,-1.0000000000000087,stop
SOLUSD,2025-10-27 20:00:00+00:00,2025-10-28 05:00:00+00:00,short,200.05,202.10285714285715,-0.999999999999995,stop
SOLUSD,2025-10-28 15:00:00+00:00,2025-10-28 21:00:00+00:00,short,199.56,194.52714285714285,2.0,tp
SOLUSD,2025-10-29 16:00:00+00:00,2025-10-29 18:00:00+00:00,short,196.79,198.69357142857143,-1.0000000000000042,stop
SOLUSD,2025-10-29 19:00:00+00:00,2025-10-29 22:00:00+00:00,short,193.59,196.34142857142857,-0.9999999999999963,stop
SOLUSD,2025-10-30 05:00:00+00:00,2025-10-30 06:00:00+00:00,short,191.82,195.40285714285713,-0.9999999999999989,stop
SOLUSD,2025-10-31 17:00:00+00:00,2025-10-31 20:00:00+00:00,short,184.94,187.005,-0.9999999999999981,stop
SOLUSD,2025-11-02 10:00:00+00:00,2025-11-02 17:00:00+00:00,short,185.87,183.26714285714286,2.0,tp
SOLUSD,2025-11-03 03:00:00+00:00,2025-11-03 04:00:00+00:00,short,183.49,179.99285714285716,1.9999999999999953,tp
SOLUSD,2025-11-04 16:00:00+00:00,2025-11-04 18:00:00+00:00,short,161.42,154.9042857142857,2.0000000000000027,tp
SOLUSD,2025-11-06 15:00:00+00:00,2025-11-06 17:00:00+00:00,short,157.71,153.60857142857145,1.999999999999994,tp
SOLUSD,2025-11-10 15:00:00+00:00,2025-11-10 18:00:00+00:00,short,166.1,168.06642857142856,-0.9999999999999958,stop
SOLUSD,2025-11-10 22:00:00+00:00,2025-11-10 23:00:00+00:00,short,165.48,167.7292857142857,-1.0000000000000027,stop
SOLUSD,2025-11-11 05:00:00+00:00,2025-11-11 15:00:00+00:00,short,166.9,161.72714285714287,2.0,tp
SOLUSD,2025-11-12 16:00:00+00:00,2025-11-12 20:00:00+00:00,short,155.7,151.62571428571428,1.999999999999996,tp
SOLUSD,2025-11-13 14:00:00+00:00,2025-11-13 15:00:00+00:00,short,153.8,155.90357142857144,-0.9999999999999989,stop
SOLUSD,2025-11-13 16:00:00+00:00,2025-11-13 18:00:00+00:00,short,153.06,148.3557142857143,1.9999999999999967,tp
SOLUSD,2025-11-16 12:00:00+00:00,2025-11-16 17:00:00+00:00,short,139.85,136.98,2.0,tp
SOLUSD,2025-11-17 02:00:00+00:00,2025-11-17 04:00:00+00:00,short,138.19,140.49285714285713,-0.9999999999999966,stop
SOLUSD,2025-11-17 14:00:00+00:00,2025-11-17 15:00:00+00:00,short,137.93,139.53428571428572,-0.9999999999999923,stop
SOLUSD,2025-11-20 14:00:00+00:00,2025-11-20 17:00:00+00:00,short,140.58,136.79000000000002,1.9999999999999958,tp
SOLUSD,2025-11-24 00:00:00+00:00,2025-11-24 03:00:00+00:00,short,130.54,132.09428571428572,-1.0000000000000038,stop
SOLUSD,2025-11-24 05:00:00+00:00,2025-11-24 06:00:00+00:00,short,131.34,133.22857142857143,-0.9999999999999979,stop
SOLUSD,2025-11-24 07:00:00+00:00,2025-11-24 17:00:00+00:00,short,131.1,133.03642857142856,-0.9999999999999979,stop
SOLUSD,2025-11-27 18:00:00+00:00,2025-11-27 19:00:00+00:00,short,141.57,142.62071428571429,-1.0000000000000078,stop
SOLUSD,2025-11-28 17:00:00+00:00,2025-11-29 17:00:00+00:00,short,138.83,137.71,0.6898372195336583,timeout
SOLUSD,2025-11-29 18:00:00+00:00,2025-11-30 10:00:00+00:00,short,136.3,137.10785714285714,-0.9999999999999849,stop
SOLUSD,2025-11-30 20:00:00+00:00,2025-12-01 00:00:00+00:00,short,137.61,135.36285714285717,1.9999999999999964,tp
SOLUSD,2025-12-04 17:00:00+00:00,2025-12-04 20:00:00+00:00,short,142.65,139.84,2.0,tp
SOLUSD,2025-12-06 16:00:00+00:00,2025-12-07 00:00:00+00:00,short,132.91,131.34285714285716,1.9999999999999845,tp
SOLUSD,2025-12-07 08:00:00+00:00,2025-12-07 13:00:00+00:00,short,132.1,132.875,-1.0000000000000078,stop
SOLUSD,2025-12-07 14:00:00+00:00,2025-12-07 15:00:00+00:00,short,131.74,130.2,2.0000000000000107,tp
SOLUSD,2025-12-07 22:00:00+00:00,2025-12-08 05:00:00+00:00,short,133.1,134.95,-0.999999999999994,stop
SOLUSD,2025-12-08 16:00:00+00:00,2025-12-09 00:00:00+00:00,short,135.53,132.69857142857143,1.9999999999999971,tp
SOLUSD,2025-12-10 11:00:00+00:00,2025-12-10 19:00:00+00:00,short,136.93,138.42642857142857,-0.9999999999999946,stop
SOLUSD,2025-12-10 22:00:00+00:00,2025-12-11 02:00:00+00:00,short,137.2,133.17285714285714,1.999999999999996,tp
SOLUSD,2025-12-12 16:00:00+00:00,2025-12-12 20:00:00+00:00,short,133.49,130.47714285714287,2.0000000000000027,tp
SOLUSD,2025-12-14 09:00:00+00:00,2025-12-14 11:00:00+00:00,short,132.69,131.22857142857143,2.000000000000011,tp
SOLUSD,2025-12-15 15:00:00+00:00,2025-12-15 16:00:00+00:00,short,130.49,127.67000000000002,1.9999999999999971,tp
SOLUSD,2025-12-16 14:00:00+00:00,2025-12-16 15:00:00+00:00,short,126.76,128.335,-1.0000000000000013,stop
SOLUSD,2025-12-16 18:00:00+00:00,2025-12-17 00:00:00+00:00,short,127.23,129.0457142857143,-1.0000000000000033,stop
SOLUSD,2025-12-17 16:00:00+00:00,2025-12-17 18:00:00+00:00,short,126.69,122.92857142857142,2.0000000000000013,tp
SOLUSD,2025-12-18 18:00:00+00:00,2025-12-18 20:00:00+00:00,short,122.9,119.26428571428572,2.0,tp
SOLUSD,2025-12-19 18:00:00+00:00,2025-12-19 19:00:00+00:00,short,123.59,125.19428571428571,-0.9999999999999962,stop
SOLUSD,2025-12-20 23:00:00+00:00,2025-12-21 03:00:00+00:00,short,125.97,124.85571428571428,2.0000000000000036,tp
SOLUSD,2025-12-21 19:00:00+00:00,2025-12-22 00:00:00+00:00,short,125.11,126.06428571428572,-1.0000000000000053,stop
SOLUSD,2025-12-22 03:00:00+00:00,2025-12-22 04:00:00+00:00,short,125.2,126.41357142857143,-1.0,stop
SOLUSD,2025-12-22 09:00:00+00:00,2025-12-22 11:00:00+00:00,short,125.57,126.72285714285714,-1.0000000000000018,stop
SOLUSD,2025-12-22 19:00:00+00:00,2025-12-23 07:00:00+00:00,short,126.42,124.08142857142857,1.999999999999998,tp
SOLUSD,2025-12-23 18:00:00+00:00,2025-12-23 19:00:00+00:00,short,122.81,123.91785714285714,-1.0,stop
SOLUSD,2025-12-24 18:00:00+00:00,2025-12-24 21:00:00+00:00,short,121.92,122.85642857142858,-1.0000000000000064,stop
SOLUSD,2025-12-25 23:00:00+00:00,2025-12-26 00:00:00+00:00,short,121.74,119.99857142857142,2.000000000000002,tp
SOLUSD,2025-12-26 15:00:00+00:00,2025-12-27 04:00:00+00:00,short,122.14,123.42214285714286,-1.0000000000000009,stop
SOLUSD,2025-12-28 19:00:00+00:00,2025-12-28 22:00:00+00:00,short,123.07,123.62285714285713,-0.999999999999989,stop
SOLUSD,2025-12-29 10:00:00+00:00,2025-12-29 13:00:00+00:00,short,125.92,123.08571428571429,2.0000000000000018,tp
SOLUSD,2025-12-31 16:00:00+00:00,2025-12-31 21:00:00+00:00,short,125.43,123.94571428571429,2.000000000000008,tp
SOLUSD,2026-01-08 03:00:00+00:00,2026-01-08 04:00:00+00:00,long,137.77,136.50285714285715,-1.0000000000000016,stop
SOLUSD,2026-01-08 05:00:00+00:00,2026-01-08 07:00:00+00:00,long,137.49,136.15428571428572,-1.0000000000000029,stop
SOLUSD,2026-01-08 16:00:00+00:00,2026-01-08 22:00:00+00:00,long,136.27,139.48857142857145,2.0000000000000027,tp
SOLUSD,2026-01-09 14:00:00+00:00,2026-01-09 15:00:00+00:00,long,138.49,137.0807142857143,-0.9999999999999986,stop
SOLUSD,2026-01-09 16:00:00+00:00,2026-01-09 19:00:00+00:00,long,138.66,136.97571428571428,-1.0000000000000036,stop
SOLUSD,2026-01-11 01:00:00+00:00,2026-01-11 04:00:00+00:00,long,136.22,135.7135714285714,-1.00000000000002,stop
SOLUSD,2026-01-11 09:00:00+00:00,2026-01-11 15:00:00+00:00,long,136.56,137.5257142857143,2.0,tp
SOLUSD,2026-01-14 15:00:00+00:00,2026-01-15 02:00:00+00:00,long,146.56,145.31357142857144,-0.9999999999999984,stop
SOLUSD,2026-01-16 06:00:00+00:00,2026-01-16 16:00:00+00:00,long,143.13,142.08642857142857,-0.9999999999999981,stop
SOLUSD,2026-01-16 18:00:00+00:00,2026-01-17 18:00:00+00:00,long,143.27,144.04,0.644736842105248,timeout
SOLUSD,2026-01-18 19:00:00+00:00,2026-01-18 20:00:00+00:00,long,142.72,142.1692857142857,-1.000000000000011,stop
SOLUSD,2026-01-22 14:00:00+00:00,2026-01-22 15:00:00+00:00,short,129.22,127.70142857142858,1.9999999999999947,tp
SOLUSD,2026-01-22 21:00:00+00:00,2026-01-23 15:00:00+00:00,short,128.37,126.03000000000002,1.9999999999999967,tp
SOLUSD,2026-01-23 21:00:00+00:00,2026-01-24 21:00:00+00:00,short,126.79,127.1,-0.24942528735631253,timeout
SOLUSD,2026-01-25 15:00:00+00:00,2026-01-25 17:00:00+00:00,short,125.9,124.67,2.0,tp
SOLUSD,2026-01-27 18:00:00+00:00,2026-01-27 19:00:00+00:00,short,123.89,124.89357142857143,-1.000000000000003,stop
SOLUSD,2026-01-28 16:00:00+00:00,2026-01-28 18:00:00+00:00,short,125.91,126.81428571428572,-1.0000000000000067,stop
SOLUSD,2026-01-30 21:00:00+00:00,2026-01-31 05:00:00+00:00,short,116.8,118.5442857142857,-0.9999999999999971,stop
SOLUSD,2026-01-31 08:00:00+00:00,2026-01-31 09:00:00+00:00,short,117.19,114.78857142857143,1.9999999999999967,tp
SOLUSD,2026-02-03 10:00:00+00:00,2026-02-03 15:00:00+00:00,short,103.06,100.65714285714286,2.0,tp
SOLUSD,2026-02-07 08:00:00+00:00,2026-02-07 13:00:00+00:00,short,85.23,86.87357142857142,-0.9999999999999981,stop
SOLUSD,2026-02-07 15:00:00+00:00,2026-02-07 17:00:00+00:00,short,85.68,87.03285714285715,-1.0000000000000044,stop
SOLUSD,2026-02-08 17:00:00+00:00,2026-02-08 19:00:00+00:00,short,86.15,87.295,-0.9999999999999973,stop
SOLUSD,2026-02-08 21:00:00+00:00,2026-02-09 00:00:00+00:00,short,86.82,88.13428571428571,-1.0000000000000047,stop
SOLUSD,2026-02-12 16:00:00+00:00,2026-02-12 17:00:00+00:00,short,80.09,78.26142857142858,1.9999999999999956,tp
SOLUSD,2026-02-15 13:00:00+00:00,2026-02-16 04:00:00+00:00,short,87.28,84.78428571428572,2.0,tp
SOLUSD,2026-02-16 14:00:00+00:00,2026-02-16 21:00:00+00:00,short,84.11,85.16071428571429,-1.0000000000000049,stop
SOLUSD,2026-02-17 20:00:00+00:00,2026-02-18 09:00:00+00:00,short,84.81,85.93714285714286,-1.0000000000000018,stop
SOLUSD,2026-02-20 14:00:00+00:00,2026-02-20 15:00:00+00:00,short,82.16,82.98285714285714,-1.0000000000000024,stop
SOLUSD,2026-02-21 23:00:00+00:00,2026-02-22 14:00:00+00:00,short,85.44,84.18142857142857,2.0,tp
